ticker,title,result,outcome,resolution_month,liquidity_bucket,timepoint,target_ts,candle_end_ts,time_diff_seconds,implied_prob,matched,squared_error,absolute_error
KXMLBGAME-25APR22SDDET-SD,San Diego vs Detroit Winner?,yes,1.0,2025-04,high,last_preclose,1745370857,1745370000.0,857.0,0.97,True,0.0009000000000000016,0.030000000000000027
KXATPMC-25ALTALC-ALT,Will Daniel Altmaier be a winner of the round of 16 of ATP Monte Carlo?,no,0.0,2025-04,mid,last_preclose,1744303382,1744297200.0,6182.0,0.01,True,0.0001,0.01
KXFOMEN-25TIAKOR-TIA,Will Frances Tiafoe be a winner of the round of 32 of French Open Men Singles?,yes,1.0,2025-05,high,last_preclose,1748645689,1748642400.0,3289.0,0.99,True,0.00010000000000000018,0.010000000000000009
KXMLBGAME-25MAY20ATLWSH-WSH,Atlanta vs Washington Winner?,yes,1.0,2025-05,high,last_preclose,1747790296,1747789200.0,1096.0,0.96,True,0.001600000000000003,0.040000000000000036
KXNBAGAME-25MAY01NYKDET-DET,New York vs Detroit Winner?,no,0.0,2025-05,high,last_preclose,1746153386,1746151200.0,2186.0,0.59,True,0.34809999999999997,0.59
KXAMAFCA-25-AM,Favorite Country Album winner at AMAs?,no,0.0,2025-05,low,last_preclose,1748316868,1748268000.0,48868.0,0.04,True,0.0016,0.04
KXAMAFKPA-25-RM,Favorite K-Pop Artist winner at AMAs?,yes,1.0,2025-05,mid,last_preclose,1748316119,1748314800.0,1319.0,0.98,True,0.0004000000000000007,0.020000000000000018
KXEUROVISION-25-ITA,Eurovision Winner 2025,no,0.0,2025-05,mid,last_preclose,1747524195,1747522800.0,1395.0,0.04,True,0.0016,0.04
KXMLBGAME-25JUN02DETCWS-CWS,Detroit vs Chicago WS Winner?,no,0.0,2025-06,high,last_preclose,1748917357,1748916000.0,1357.0,0.01,True,0.0001,0.01
KXMLBGAME-25JUN12NYYKC-KC,New York Y vs Kansas City Winner?,no,0.0,2025-06,high,last_preclose,1749782800,1749780000.0,2800.0,0.52,True,0.27040000000000003,0.52
KXMLBGAME-25JUN14MIAWSH-WSH,Miami vs Washington Winner?,no,0.0,2025-06,high,last_preclose,1749931234,1749931200.0,34.0,0.01,True,0.0001,0.01
KXUSOPEN-25-JSPA,Will the J.J. Spaun win the US Open Championship?,yes,1.0,2025-06,high,last_preclose,1750032755,1750032000.0,755.0,0.85,True,0.022500000000000006,0.15000000000000002
KXFOMENSINGLES-25-MF,Will the Marton Fucsovics win the French Open Women's Singles Championship?,no,0.0,2025-06,low,last_preclose,1749409301,1748181600.0,1227701.0,0.01,True,0.0001,0.01
KXFOWOMENSINGLES-25-LR,Will the Leyre Romero Gormaz win the French Open Women's Singles Championship?,no,0.0,2025-06,low,last_preclose,1749312724,1748448000.0,864724.0,0.01,True,0.0001,0.01
KXMLSGAME-25JUN25CLBATL-ATL,Columbus vs Atlanta Winner?,no,0.0,2025-06,mid,last_preclose,1750902037,1750899600.0,2437.0,0.04,True,0.0016,0.04
KXWTAMATCH-25JUN20FERYAS-YAS,Will Dayana Yastremska be a winner of the quarterfinal of WTA Nottingham?,yes,1.0,2025-06,mid,last_preclose,1750420837,1750402800.0,18037.0,0.45,True,0.30250000000000005,0.55
KXATPMATCH-25JUL02DIMMOU-DIM,Will Grigor Dimitrov be a winner of the round of 64 of Wimbledon Men Singles?,yes,1.0,2025-07,high,last_preclose,1751556324,1751554800.0,1524.0,0.71,True,0.08410000000000002,0.29000000000000004
KXATPMATCH-25JUL19KOVSHA-SHA,Will Denis Shapovalov be a winner of the final of ATP Los Cabos?,yes,1.0,2025-07,high,last_preclose,1752985857,1752984000.0,1857.0,0.95,True,0.0025000000000000044,0.050000000000000044
KXMLBGAME-25JUL13MIABAL-BAL,Miami at Baltimore Winner?,no,0.0,2025-07,high,last_preclose,1752444229,1752444000.0,229.0,0.01,True,0.0001,0.01
KXPGATOUR-JDC25-TLAW,Will Thriston Lawrence win the John Deere Classic?,no,0.0,2025-07,high,last_preclose,1751845140,1751817600.0,27540.0,0.01,True,0.0001,0.01
KXTHEOPEN-TOP1025-THAT,Will Tyrrell Hatton finish top 10 in The Open (including ties)?,no,0.0,2025-07,high,last_preclose,1752977586,1752976800.0,786.0,0.77,True,0.5929,0.77
KXTOURDEFRANCE-25-TPID,Will the Tom Pidcock win the Tour de France?,no,0.0,2025-07,low,last_preclose,1753752630,1751515200.0,2237430.0,0.02,True,0.0004,0.02
KXSECPRESSMENTION-25DEC30-PAUL,Will the White House Press Secretary say Rand Paul at her next press briefing?,no,0.0,2025-07,mid,last_preclose,1751341746,1751338800.0,2946.0,0.01,True,0.0001,0.01
KXTHEOPEN-25-SIM,Will the Sungjae Im win the The Open Championship Winner??,no,0.0,2025-07,mid,last_preclose,1753034513,1752940800.0,93713.0,0.01,True,0.0001,0.01
KXMLBGAME-25AUG22WSHPHI-PHI,Washington at Philadelphia Winner?,no,0.0,2025-08,high,last_preclose,1755912995,1755910800.0,2195.0,0.87,True,0.7569,0.87
KXPGATOUR-FSJC25-JSPA,Will J.J. Spaun win the FedEx St. Jude Championship?,no,0.0,2025-08,high,last_preclose,1754867638,1754866800.0,838.0,0.01,True,0.0001,0.01
KXPGATOUR-FSJC25-PCAN,Will Patrick Cantlay win the FedEx St. Jude Championship?,no,0.0,2025-08,high,last_preclose,1754867638,1754866800.0,838.0,0.01,True,0.0001,0.01
KXSWIFTMENTION-25AUG13-STU,What will Taylor Swift say during New Heights Show?,no,0.0,2025-08,high,last_preclose,1755189491,1755187200.0,2291.0,0.04,True,0.0016,0.04
KXWNBAGAME-25AUG10MINNY-NY,Minnesota vs New York Winner?,no,0.0,2025-08,high,last_preclose,1754851283,1754848800.0,2483.0,0.18,True,0.0324,0.18
KXWTAMATCH-25AUG14BROGAU-GAU,Will Coco Gauff win the Bronzetti vs Gauff match?,yes,1.0,2025-08,high,last_preclose,1755189046,1755187200.0,1846.0,0.96,True,0.001600000000000003,0.040000000000000036
KXNCAAFTOTAL-25AUG29WIUILL-63,Western Illinois at Illinois: Spread Total Points?,no,0.0,2025-08,mid,last_preclose,1756526430,1756512000.0,14430.0,0.11,True,0.0121,0.11
KXTRUMPMENTION-25AUG11-BORD,"What will Trump say during Press Conference on Crime and Beautification on August 11, at 10:00 A.M. EST in the Press Briefing Room?",yes,1.0,2025-08,mid,last_preclose,1754947865,1754935200.0,12665.0,0.99,True,0.00010000000000000018,0.010000000000000009
KXEMMYDSACTO-77-WAL,Will Walton Goggins win Drama Supporting Actor at the Emmy Awards?,no,0.0,2025-09,high,last_preclose,1757897338,1757894400.0,2938.0,0.37,True,0.1369,0.37
KXEPLGAME-25SEP20WOLLEE-LEE,Wolverhampton vs Leeds United Winner?,yes,1.0,2025-09,high,last_preclose,1758383911,1758380400.0,3511.0,0.93,True,0.004899999999999993,0.06999999999999995
KXMLBGAME-25SEP06PHIMIA-MIA,Philadelphia at Miami Winner?,no,0.0,2025-09,high,last_preclose,1757201209,1757199600.0,1609.0,0.01,True,0.0001,0.01
KXMLBGAME-25SEP06SFSTL-STL,San Francisco at St. Louis Winner?,yes,1.0,2025-09,high,last_preclose,1757211078,1757210400.0,678.0,0.99,True,0.00010000000000000018,0.010000000000000009
KXNCAAFGAME-25SEP20USMLT-LT,Southern Miss at Louisiana Tech Winner?,yes,1.0,2025-09,high,last_preclose,1758423282,1758420000.0,3282.0,0.98,True,0.0004000000000000007,0.020000000000000018
KXNFLANYTD-25SEP07SFSEA-SFBROBINSON3,San Francisco at Seattle: Anytime Touchdown Scorer: Brian Robinson Jr.,no,0.0,2025-09,high,last_preclose,1757313886,1757286000.0,27886.0,0.05,True,0.0025000000000000005,0.05
KXNFLTOTAL-25SEP14DENIND-42,Denver at Indianapolis: Spread Total Points?,yes,1.0,2025-09,high,last_preclose,1757892872,1757890800.0,2072.0,0.99,True,0.00010000000000000018,0.010000000000000009
KXNFLTOTAL-25SEP21CINMIN-36,Cincinnati at Minnesota: Spread Total Points?,yes,1.0,2025-09,high,last_preclose,1758487191,1758484800.0,2391.0,0.99,True,0.00010000000000000018,0.010000000000000009
KXTRUMPMENTION-25SEP22-PREG,What will Trump say during Announcement on Significant Medical and Scientific Findings for America's Children on September 22nd?,yes,1.0,2025-09,high,last_preclose,1758589067,1758585600.0,3467.0,0.99,True,0.00010000000000000018,0.010000000000000009
KXAWARDSCOUNTSEV-26-21,Severance  wins?,no,0.0,2025-09,low,last_preclose,1757948165,1757628000.0,320165.0,0.12,True,0.0144,0.12
KXNCAAFTOTAL-25SEP20ULLEMU-53,Louisiana at Eastern Michigan: Point Total Total Points?,yes,1.0,2025-09,low,last_preclose,1758412834,1758409200.0,3634.0,0.99,True,0.00010000000000000018,0.010000000000000009
KXNFLANYTD-25SEP21LVWAS-WASDEF,Las Vegas at Washington: Anytime Touchdown Scorer: Washington Defense,no,0.0,2025-09,low,last_preclose,1758488447,1758474000.0,14447.0,0.12,True,0.0144,0.12
KXNFLFIRSTTD-25SEP07CINCLE-CLEIBOND16,Cincinnati at Cleveland: First Touchdown Scorer: Isaiah Bond,no,0.0,2025-09,low,last_preclose,1757313903,1757217600.0,96303.0,0.01,True,0.0001,0.01
KXVMACOUNTRY-25-LAI,Best Country winner at VMAs?,no,0.0,2025-09,low,last_preclose,1757311766,1755493200.0,1818566.0,0.12,True,0.0144,0.12
KXNCAAFSPREAD-25SEP13AFAUSU-USU4,Utah St. wins by over 4.5 points?,yes,1.0,2025-09,mid,last_preclose,1757829266,1757826000.0,3266.0,0.99,True,0.00010000000000000018,0.010000000000000009
KXNCAAFTOTAL-25SEP13USFMIA-61,South Florida at Miami (FL): Spread Total Points?,no,0.0,2025-09,mid,last_preclose,1757817924,1757815200.0,2724.0,0.2,True,0.04000000000000001,0.2
KXNFLANYTD-25SEP21ATLCAR-ATLKPITTS8,Atlanta at Carolina: Anytime Touchdown Scorer: Kyle Pitts Sr.,no,0.0,2025-09,mid,last_preclose,1758487557,1758484800.0,2757.0,0.01,True,0.0001,0.01
KXNFLFIRSTTD-25SEP28BALKC-BALDHOPKINS10,Baltimore at Kansas City: First Touchdown Scorer: DeAndre Hopkins,no,0.0,2025-09,mid,last_preclose,1759156189,1759093200.0,62989.0,0.03,True,0.0009,0.03
KXSOUTHPARKMENTION-25SEP24-DKNG,What will any South Park character say during South Park Season 27 Episode 5 on September 24th?,no,0.0,2025-09,mid,last_preclose,1758771123,1758769200.0,1923.0,0.01,True,0.0001,0.01
KXTOP10BILLBOARDSPOTSSC-25-1,"How many spots on the Billboard Hot 100's top 10 will Sabrina Carpenter have by Sep 13, 2025?",no,0.0,2025-09,mid,last_preclose,1757428358,1757386800.0,41558.0,0.01,True,0.0001,0.01
KXVANCEMENTION-25SEP17-INVS,"What will JD Vance say during Visit to the Manufacturing Facility in Howell, Michigan on September 17th?",no,0.0,2025-09,mid,last_preclose,1758141149,1758128400.0,12749.0,0.7,True,0.48999999999999994,0.7
KXATPMATCH-25OCT02RINMED-RIN,Will Arthur Rinderknech win the Rinderknech vs Medjedovic match?,yes,1.0,2025-10,high,last_preclose,1759415479,1759413600.0,1879.0,0.99,True,0.00010000000000000018,0.010000000000000009
KXBTCMAX125-1-26-AUG31-124999.99,When will Bitcoin hit $125k?,yes,1.0,2025-10,high,last_preclose,1759641951,1759640400.0,1551.0,0.97,True,0.0009000000000000016,0.030000000000000027
KXEPLGAME-25OCT26BOUNFO-BOU,Bournemouth vs Nottingham Winner?,yes,1.0,2025-10,high,last_preclose,1761494134,1761490800.0,3334.0,0.94,True,0.0036000000000000064,0.06000000000000005
KXMAMDANIMENTION-25OCT16-SHUT,What will Zohran Mamdani say during The Story with Martha MacCallum on October 15th?,no,0.0,2025-10,high,last_preclose,1760559021,1760558400.0,621.0,0.03,True,0.0009,0.03
KXMLBTOTAL-25OCT11CHCMIL-7,Chicago C vs Milwaukee (Game 5) Total Runs?,no,0.0,2025-10,high,last_preclose,1760237693,1760234400.0,3293.0,0.2,True,0.04000000000000001,0.2
KXNBASPREAD-25OCT24GSWPOR-GSW1,Golden State wins by over 1.5 Points?,no,0.0,2025-10,high,last_preclose,1761368187,1761364800.0,3387.0,0.08,True,0.0064,0.08
KXNCAAFGAME-25OCT04UNLVWYO-WYO,UNLV at Wyoming Winner?,no,0.0,2025-10,high,last_preclose,1759632301,1759629600.0,2701.0,0.03,True,0.0009,0.03
KXNCAAFSPREAD-25OCT11SCARLSU-LSU7,LSU wins by over 7.5 points?,yes,1.0,2025-10,high,last_preclose,1760242614,1760241600.0,1014.0,0.99,True,0.00010000000000000018,0.010000000000000009
KXNFLGAME-25OCT20HOUSEA-HOU,Houston at Seattle Winner?,no,0.0,2025-10,high,last_preclose,1761024589,1761022800.0,1789.0,0.02,True,0.0004,0.02
KXNFLPASSYDS-25OCT20TBDET-TBBMAYFIELD6-175,Baker Mayfield records 175+ passing yards,yes,1.0,2025-10,high,last_preclose,1761014404,1761012000.0,2404.0,0.95,True,0.0025000000000000044,0.050000000000000044
KXNFLSPREAD-25OCT26NYJCIN-NYJ10,New York J wins by over 10.5 points?,no,0.0,2025-10,high,last_preclose,1761511071,1761508800.0,2271.0,0.01,True,0.0001,0.01
KXNFLTOTAL-25OCT19PHIMIN-37,Philadelphia at Minnesota: Total Points Total Points?,yes,1.0,2025-10,high,last_preclose,1760906097,1760904000.0,2097.0,0.99,True,0.00010000000000000018,0.010000000000000009
KXNFLTOTAL-25OCT20TBDET-61,Tampa Bay at Detroit: Total Points Total Points?,no,0.0,2025-10,high,last_preclose,1761014392,1761012000.0,2392.0,0.01,True,0.0001,0.01
KXNFLTOTAL-25OCT26TENIND-50,Tennessee at Indianapolis: Total Points,yes,1.0,2025-10,high,last_preclose,1761521849,1761519600.0,2249.0,0.76,True,0.0576,0.24
KXNHLGAME-25OCT18FLABUF-FLA,Florida vs Buffalo Winner?,no,0.0,2025-10,high,last_preclose,1760820268,1760817600.0,2668.0,0.01,True,0.0001,0.01
KXECBMENTION-25OCT31-CRED,What will Christine Lagarde say during ECB Governing Council Press Conference on October 30th?,yes,1.0,2025-10,low,last_preclose,1761869558,1761843600.0,25958.0,0.99,True,0.00010000000000000018,0.010000000000000009
KXNASCARRACE-BANOAR25-JOBE,Bank of America ROVAL 400Winner,no,0.0,2025-10,low,last_preclose,1759702835,1759694400.0,8435.0,0.01,True,0.0001,0.01
KXNBASPREAD-25OCT24SASNOP-SAS18,San Antonio wins by over 18.5 Points?,no,0.0,2025-10,low,last_preclose,1761364019,1761354000.0,10019.0,0.01,True,0.0001,0.01
KXNCAAFSPREAD-25OCT18BAYTCU-BAY4,Baylor wins by over 4.5 points?,no,0.0,2025-10,low,last_preclose,1760829080,1760824800.0,4280.0,0.38,True,0.1444,0.38
KXNCAAFSPREAD-25OCT18UNLVBSU-BSU3,Boise St. wins by over 3.5 points?,yes,1.0,2025-10,low,last_preclose,1760831436,1760828400.0,3036.0,0.99,True,0.00010000000000000018,0.010000000000000009
KXNCAAFTOTAL-25OCT11M-OHAKR-43,Miami (OH) at Akron: Total Points Total Points?,no,0.0,2025-10,low,last_preclose,1760213461,1760212800.0,661.0,0.01,True,0.0001,0.01
KXNCAAFTOTAL-25OCT25BALLNIU-44,Ball St. at Northern Illinois: Total Points Total Points?,no,0.0,2025-10,low,last_preclose,1761433933,1761433200.0,733.0,0.01,True,0.0001,0.01
KXNCAAFTOTAL-25OCT25ILLWASH-61,Illinois at Washington: Total Points Total Points?,yes,1.0,2025-10,low,last_preclose,1761435867,1761433200.0,2667.0,0.99,True,0.00010000000000000018,0.010000000000000009
KXNCAAFTOTAL-25OCT25WMUM-OH-47,Western Michigan at Miami (OH): Total Points Total Points?,no,0.0,2025-10,low,last_preclose,1761434491,1761433200.0,1291.0,0.01,True,0.0001,0.01
KXNFLSPREAD-25OCT05LVIND-LV2,Las Vegas wins by over 2.5 points?,no,0.0,2025-10,low,last_preclose,1759696515,1759683600.0,12915.0,0.23,True,0.0529,0.23
KXNFLSPREAD-25OCT19INDLAC-LAC4,Los Angeles C wins by over 4.5 points?,no,0.0,2025-10,low,last_preclose,1760916609,1760914800.0,1809.0,0.01,True,0.0001,0.01
KXNFLWINS-GB-25B-T2,Will the Green Bay pro football team win more than 2 times this season?,yes,1.0,2025-10,low,last_preclose,1760367342,1759107600.0,1259742.0,0.98,True,0.0004000000000000007,0.020000000000000018
KXEARNINGSMENTIONBAC-25OCT15-TARF,What will Bank of America Corporation say during their next earnings call?,yes,1.0,2025-10,mid,last_preclose,1760547903,1760547600.0,303.0,0.99,True,0.00010000000000000018,0.010000000000000009
KXLCKAHRIPICK-25,Will Ahri be picked in the LCK finals in 2025?,no,0.0,2025-10,mid,last_preclose,1759716918,1759636800.0,80118.0,0.01,True,0.0001,0.01
KXMLBTOTAL-25OCT17TORSEA-13,Toronto vs Seattle (Game 5) Total Runs?,no,0.0,2025-10,mid,last_preclose,1760750089,1760745600.0,4489.0,0.01,True,0.0001,0.01
KXMLBWINS-CHC-25-T80,Will the Chicago C pro baseball team win more than 80 times this season?,yes,1.0,2025-10,mid,last_preclose,1759285986,1758952800.0,333186.0,0.99,True,0.00010000000000000018,0.010000000000000009
KXNBASPREAD-25OCT22NOPMEM-MEM7,Memphis wins by over 7.5 Points?,no,0.0,2025-10,mid,last_preclose,1761188687,1761188400.0,287.0,0.01,True,0.0001,0.01
KXNBATOTAL-25OCT26MILCLE-240,Milwaukee at Cleveland: Total Points,no,0.0,2025-10,mid,last_preclose,1761527742,1761526800.0,942.0,0.01,True,0.0001,0.01
KXNCAAFSPREAD-25OCT15DELJVST-DEL1,Delaware wins by over 1.5 points?,no,0.0,2025-10,mid,last_preclose,1760586317,1760583600.0,2717.0,0.01,True,0.0001,0.01
KXNCAAFSPREAD-25OCT18MSUIND-IND20,Indiana wins by over 20.5 points?,yes,1.0,2025-10,mid,last_preclose,1760830280,1760828400.0,1880.0,0.99,True,0.00010000000000000018,0.010000000000000009
KXNCAAFSPREAD-25OCT25TXAMLSU-LSU8,LSU wins by over 8.5 points?,no,0.0,2025-10,mid,last_preclose,1761452239,1761447600.0,4639.0,0.01,True,0.0001,0.01
KXNCAAFSPREAD-25OCT29JVSTMTU-JVST7,Jacksonville St. wins by over 7.5 points?,no,0.0,2025-10,mid,last_preclose,1761794705,1761793200.0,1505.0,0.69,True,0.4760999999999999,0.69
KXNCAAFTOTAL-25OCT04ILLPUR-51,Illinois at Purdue: Point Total Total Points?,yes,1.0,2025-10,mid,last_preclose,1759610731,1759604400.0,6331.0,0.98,True,0.0004000000000000007,0.020000000000000018
KXNCAAFTOTAL-25OCT11SCARLSU-37,South Carolina at LSU: Total Points Total Points?,no,0.0,2025-10,mid,last_preclose,1760242603,1760241600.0,1003.0,0.01,True,0.0001,0.01
KXNCAAFTOTAL-25OCT23USAGAST-53,South Alabama at Georgia St.: Total Points Total Points?,yes,1.0,2025-10,mid,last_preclose,1761276890,1761274800.0,2090.0,0.99,True,0.00010000000000000018,0.010000000000000009
KXNFLANYTD-25OCT05HOUBAL-HOUNCOLLINS12,Houston at Baltimore: Anytime Touchdown Scorer: Nico Collins,yes,1.0,2025-10,mid,last_preclose,1759687224,1759687200.0,24.0,0.99,True,0.00010000000000000018,0.010000000000000009
KXNFLFIRSTTD-25OCT30BALMIA-MIATCONNER80,Baltimore at Miami: First Touchdown Scorer: Tanner Conner,no,0.0,2025-10,mid,last_preclose,1761872465,1761872400.0,65.0,0.03,True,0.0009,0.03
KXNFLSPREAD-25OCT20TBDET-TB4,Tampa Bay wins by over 4.5 points?,no,0.0,2025-10,mid,last_preclose,1761014394,1761012000.0,2394.0,0.01,True,0.0001,0.01
KXNFLTOTAL-25OCT12CINGB-48,Cincinnati at Green Bay: Total Points Total Points?,no,0.0,2025-10,mid,last_preclose,1760312086,1760310000.0,2086.0,0.05,True,0.0025000000000000005,0.05
KXNHLTOTAL-25OCT23SJNYR-5,San Jose vs New York R: Total Points,yes,1.0,2025-10,mid,last_preclose,1761271837,1761267600.0,4237.0,0.99,True,0.00010000000000000018,0.010000000000000009
KXPICKLEBALL-MIXEDDOUBLES25OCT07-PARNEW,Will Catherine Parenteau/Riley Newman win the PPA Tour Virginia Beach Cup - Mixed Doubles Winner?,no,0.0,2025-10,mid,last_preclose,1760368433,1759950000.0,418433.0,0.01,True,0.0001,0.01
KXBRASILEIROGAME-25NOV09CRUFLU-CRU,Cruzeiro EC MG vs Fluminense FC RJ Winner?,no,0.0,2025-11,high,last_preclose,1762722304,1762722000.0,304.0,0.01,True,0.0001,0.01
KXFIFAGAME-25NOV13CMRCOD-CMR,Cameroon vs Congo DR Winner?,no,0.0,2025-11,high,last_preclose,1763068222,1763067600.0,622.0,0.01,True,0.0001,0.01
KXFIFAGAME-25NOV15BIHROU-TIE,Bosnia and Herzegovina vs Romania Winner?,no,0.0,2025-11,high,last_preclose,1763243105,1763240400.0,2705.0,0.41,True,0.16809999999999997,0.41
KXFIFAGAME-25NOV18MARUGA-MAR,Morocco vs Uganda Winner?,yes,1.0,2025-11,high,last_preclose,1763499936,1763499600.0,336.0,0.99,True,0.00010000000000000018,0.010000000000000009
KXMLBSPREAD-25NOV01LADTOR-LAD1,Los Angeles D wins by over 1.5 runs?,no,0.0,2025-11,high,last_preclose,1762057482,1762056000.0,1482.0,0.28,True,0.07840000000000001,0.28
KXNBAGAME-25NOV01MINCHA-MIN,Minnesota vs Charlotte Winner?,yes,1.0,2025-11,high,last_preclose,1762044315,1762041600.0,2715.0,0.95,True,0.0025000000000000044,0.050000000000000044
KXNBAGAME-25NOV17LACPHI-LAC,Los Angeles C vs Philadelphia Winner?,no,0.0,2025-11,high,last_preclose,1763434181,1763431200.0,2981.0,0.83,True,0.6889,0.83
KXNBAGAME-25OCT31NYKCHI-CHI,New York vs Chicago Winner?,yes,1.0,2025-11,high,last_preclose,1761965406,1761962400.0,3006.0,0.72,True,0.07840000000000001,0.28
KXNBASPREAD-25NOV24PORMIL-MIL1,Milwaukee wins by over 1.5 Points?,no,0.0,2025-11,high,last_preclose,1764043189,1764039600.0,3589.0,0.01,True,0.0001,0.01
KXNBATOTAL-25NOV24PORMIL-229,Portland at Milwaukee: Total Points,no,0.0,2025-11,high,last_preclose,1764043185,1764039600.0,3585.0,0.12,True,0.0144,0.12
KXNCAAFGAME-25NOV15MSSTMIZZ-MIZZ,Mississippi St. at Missouri Winner?,yes,1.0,2025-11,high,last_preclose,1763267377,1763265600.0,1777.0,0.99,True,0.00010000000000000018,0.010000000000000009
KXNCAAFGAME-25NOV15USUUNLV-UNLV,Utah St. at UNLV Winner?,yes,1.0,2025-11,high,last_preclose,1763265279,1763262000.0,3279.0,0.71,True,0.08410000000000002,0.29000000000000004
KXNCAAFGAME-25NOV22NEVWYO-WYO,Nevada at Wyoming Winner?,no,0.0,2025-11,high,last_preclose,1763849153,1763848800.0,353.0,0.19,True,0.0361,0.19
KXNCAAFGAME-25NOV29FSUFLA-FLA,Florida St. at Florida Winner?,yes,1.0,2025-11,high,last_preclose,1764465032,1764464400.0,632.0,0.99,True,0.00010000000000000018,0.010000000000000009
KXNCAAFSPREAD-25NOV01WVUHOU-HOU9,Houston wins by over 9.5 points?,no,0.0,2025-11,high,last_preclose,1762030331,1762023600.0,6731.0,0.01,True,0.0001,0.01
KXNCAAFSPREAD-25NOV22PITTGT-PITT7,Pittsburgh wins by over 7.5 points?,yes,1.0,2025-11,high,last_preclose,1763873687,1763870400.0,3287.0,0.99,True,0.00010000000000000018,0.010000000000000009
KXNCAAFSPREAD-25NOV28ARIZASU-ARIZ3,Arizona wins by over 3.5 points?,yes,1.0,2025-11,high,last_preclose,1764397204,1764396000.0,1204.0,0.99,True,0.00010000000000000018,0.010000000000000009
KXNCAAMBGAME-25NOV03ARIZFLA-FLA,Arizona at Florida Winner?,no,0.0,2025-11,high,last_preclose,1762228373,1762225200.0,3173.0,0.01,True,0.0001,0.01
KXNCAAMBTOTAL-25NOV25BAYSJU-159,Baylor at St. John's: Total Points,yes,1.0,2025-11,high,last_preclose,1764115555,1764115200.0,355.0,0.99,True,0.00010000000000000018,0.010000000000000009
KXNFLSPREAD-25NOV02CARGB-CAR2,Carolina wins by over 2.5 points?,yes,1.0,2025-11,high,last_preclose,1762118338,1762117200.0,1138.0,0.42,True,0.3364000000000001,0.5800000000000001
KXNFLSPREAD-25NOV27CINBAL-CIN3,Cincinnati wins by over 3.5 points?,yes,1.0,2025-11,high,last_preclose,1764306016,1764306000.0,16.0,0.99,True,0.00010000000000000018,0.010000000000000009
KXNFLTOTAL-25NOV09BUFMIA-44,Buffalo at Miami: Total Points,no,0.0,2025-11,high,last_preclose,1762723788,1762722000.0,1788.0,0.25,True,0.0625,0.25
KXNFLTOTAL-25NOV23ATLNO-32,Atlanta at New Orleans: Total Points,yes,1.0,2025-11,high,last_preclose,1763945123,1763942400.0,2723.0,0.99,True,0.00010000000000000018,0.010000000000000009
KXNFLTOTAL-25NOV23MINGB-34,Minnesota at Green Bay: Total Points,no,0.0,2025-11,high,last_preclose,1763931655,1763931600.0,55.0,0.01,True,0.0001,0.01
KXNHLGAME-25NOV18CBJWPG-WPG,Columbus vs Winnipeg Winner?,yes,1.0,2025-11,high,last_preclose,1763525394,1763524800.0,594.0,0.99,True,0.00010000000000000018,0.010000000000000009
KXNHLGAME-25NOV19BOSANA-BOS,Boston vs Anaheim Winner?,no,0.0,2025-11,high,last_preclose,1763620480,1763618400.0,2080.0,0.01,True,0.0001,0.01
KXBOOKAWARDSYPLIT-25-TEA,Will The Teacher of Nomad Land: A World War II Story win Young People's Literature at the 76th National Book Awards?,yes,1.0,2025-11,low,last_preclose,1763650962,1763607600.0,43362.0,0.99,True,0.00010000000000000018,0.010000000000000009
KXEPLSPREAD-25NOV08CFCWOL-WOL2,Wolverhampton wins by over 2.5 goals?,no,0.0,2025-11,low,last_preclose,1762639184,1762632000.0,7184.0,0.01,True,0.0001,0.01
KXNBAREB-25NOV25ATLWAS-ATLJJOHNSONPF-10,Jalen Johnson records 10+ rebounds,no,0.0,2025-11,low,last_preclose,1764124472,1764115200.0,9272.0,0.67,True,0.4489000000000001,0.67
KXNBAREB-25NOV28DALLAL-LALLDONCICPG-8,Luka Dončić records 8+ rebounds,no,0.0,2025-11,low,last_preclose,1764396272,1764378000.0,18272.0,0.58,True,0.3364,0.58
KXNCAAFSPREAD-25NOV18WMUNIU-NIU6,Northern Illinois wins by over 6.5 points?,no,0.0,2025-11,low,last_preclose,1763527176,1763521200.0,5976.0,0.01,True,0.0001,0.01
KXNCAAFSPREAD-25NOV29UTEPDEL-UTEP7,UTEP wins by over 7.5 points?,no,0.0,2025-11,low,last_preclose,1764456961,1764453600.0,3361.0,0.01,True,0.0001,0.01
KXNCAAMBSPREAD-25NOV11NAUARIZ-ARIZ25,Arizona wins by over 25.5 Points?,yes,1.0,2025-11,low,last_preclose,1762920887,1762920000.0,887.0,0.99,True,0.00010000000000000018,0.010000000000000009
KXNCAAMBSPREAD-25NOV14COLGILL-ILL44,Illinois wins by over 44.5 Points?,no,0.0,2025-11,low,last_preclose,1763179799,1763179200.0,599.0,0.01,True,0.0001,0.01
KXNCAAMBSPREAD-25NOV14HPUAB-UAB7,UAB wins by over 7.5 Points?,yes,1.0,2025-11,low,last_preclose,1763177710,1763175600.0,2110.0,0.99,True,0.00010000000000000018,0.010000000000000009
KXNCAAMBSPREAD-25NOV15WMSJU-SJU37,St. John's wins by over 37.5 Points?,no,0.0,2025-11,low,last_preclose,1763256613,1763254800.0,1813.0,0.01,True,0.0001,0.01
KXNCAAMBSPREAD-25NOV17RICETENN-TENN12,Tennessee wins by over 12.5 Points?,yes,1.0,2025-11,low,last_preclose,1763438684,1763438400.0,284.0,0.99,True,0.00010000000000000018,0.010000000000000009
KXNCAAMBSPREAD-25NOV18SACUCLA-UCLA39,UCLA wins by over 39.5 Points?,no,0.0,2025-11,low,last_preclose,1763533472,1763532000.0,1472.0,0.01,True,0.0001,0.01
KXNCAAMBSPREAD-25NOV18UTMFSU-FSU7,Florida St. wins by over 7.5 Points?,yes,1.0,2025-11,low,last_preclose,1763522436,1763521200.0,1236.0,0.99,True,0.00010000000000000018,0.010000000000000009
KXNCAAMBSPREAD-25NOV20TROYUSC-USC28,USC wins by over 28.5 Points?,no,0.0,2025-11,low,last_preclose,1763708074,1763701200.0,6874.0,0.01,True,0.0001,0.01
KXNCAAMBSPREAD-25NOV21USUTULN-USU23,Utah St. wins by over 23.5 Points?,no,0.0,2025-11,low,last_preclose,1763759764,1763755200.0,4564.0,0.01,True,0.0001,0.01
KXNCAAMBSPREAD-25NOV22PROVPSU-PROV10,Providence wins by over 10.5 Points?,yes,1.0,2025-11,low,last_preclose,1763856007,1763856000.0,7.0,0.99,True,0.00010000000000000018,0.010000000000000009
KXNCAAMBSPREAD-25NOV24GWMTU-MTU8,Middle Tennessee wins by over 8.5 Points?,no,0.0,2025-11,low,last_preclose,1764033910,1764028800.0,5110.0,0.01,True,0.0001,0.01
KXNCAAMBSPREAD-25NOV27ARKDUKE-ARK4,Arkansas wins by over 4.5 Points?,no,0.0,2025-11,low,last_preclose,1764301791,1764298800.0,2991.0,0.03,True,0.0009,0.03
KXNCAAMBSPREAD-25NOV28PROVFLA-PROV1,Providence wins by over 1.5 Points?,no,0.0,2025-11,low,last_preclose,1764370526,1764367200.0,3326.0,0.01,True,0.0001,0.01
KXNCAAMBTOTAL-25NOV08PACNEV-143,Pacific at Nevada: Total Points,yes,1.0,2025-11,low,last_preclose,1762669167,1762668000.0,1167.0,0.99,True,0.00010000000000000018,0.010000000000000009
KXNCAAMBTOTAL-25NOV08PROVVT-154,Providence at Virginia Tech: Total Points,yes,1.0,2025-11,low,last_preclose,1762647907,1762646400.0,1507.0,0.99,True,0.00010000000000000018,0.010000000000000009
KXNCAAMBTOTAL-25NOV10NIUGC-176,Northern Illinois at Grand Canyon: Total Points,no,0.0,2025-11,low,last_preclose,1762836871,1762833600.0,3271.0,0.01,True,0.0001,0.01
KXNCAAMBTOTAL-25NOV11EIUND-141,Eastern Illinois at Notre Dame: Total Points,no,0.0,2025-11,low,last_preclose,1762916731,1762916400.0,331.0,0.01,True,0.0001,0.01
KXNCAAMBTOTAL-25NOV11MURRSMU-160,Murray St. at SMU: Total Points,yes,1.0,2025-11,low,last_preclose,1762920004,1762920000.0,4.0,0.99,True,0.00010000000000000018,0.010000000000000009
KXNCAAMBTOTAL-25NOV12UALRMARQ-158,Little Rock at Marquette: Total Points,no,0.0,2025-11,low,last_preclose,1763006696,1763002800.0,3896.0,0.01,True,0.0001,0.01
KXNCAAMBTOTAL-25NOV21PFWSLU-150,Purdue Fort Wayne at Saint Louis: Total Points,yes,1.0,2025-11,low,last_preclose,1763780746,1763780400.0,346.0,0.99,True,0.00010000000000000018,0.010000000000000009
KXNCAAMBTOTAL-25NOV28DEPGT-158,DePaul at Georgia Tech: Total Points,no,0.0,2025-11,low,last_preclose,1764386393,1764385200.0,1193.0,0.01,True,0.0001,0.01
KXNFLFIRSTTD-25NOV02LACTEN-TENEAYOMANOR5,Los Angeles C at Tennessee: First Touchdown Scorer: Elic Ayomanor,no,0.0,2025-11,low,last_preclose,1762110055,1762099200.0,10855.0,0.05,True,0.0025000000000000005,0.05
KXNFLPASSYDS-25NOV09PITLAC-PITARODGERS8-350,Aaron Rodgers records 350+ passing yards,no,0.0,2025-11,low,last_preclose,1762749871,1762740000.0,9871.0,0.05,True,0.0025000000000000005,0.05
KXNFLREC-25NOV13NYJNE-NESDIGGS8-6,Stefon Diggs records 6+ receptions,yes,1.0,2025-11,low,last_preclose,1763094577,1763092800.0,1777.0,0.99,True,0.00010000000000000018,0.010000000000000009
KXNFLREC-25NOV23MINGB-MINJJEFFERSON18-5,Justin Jefferson records 5+ receptions,no,0.0,2025-11,low,last_preclose,1763933187,1763924400.0,8787.0,0.66,True,0.43560000000000004,0.66
KXNFLREC-25NOV24CARSF-CARJSANDERS0-1,Ja'Tavion Sanders records 1+ receptions,yes,1.0,2025-11,low,last_preclose,1764044410,1764028800.0,15610.0,0.9,True,0.009999999999999995,0.09999999999999998
KXNFLRECYDS-25NOV02JACLV-JACPWASHINGTON11-50,Parker Washington records 50+ receiving yards,yes,1.0,2025-11,low,last_preclose,1762131971,1762128000.0,3971.0,0.99,True,0.00010000000000000018,0.010000000000000009
KXNFLRECYDS-25NOV16WASMIA-WASJBATES87-30,John Bates records 30+ receiving yards,no,0.0,2025-11,low,last_preclose,1763315700,1763294400.0,21300.0,0.21,True,0.04409999999999999,0.21
KXNFLRECYDS-25NOV23NYJBAL-BALZFLOWERS4-50,Zay Flowers records 50+ receiving yards,yes,1.0,2025-11,low,last_preclose,1763932844,1763931600.0,1244.0,0.99,True,0.00010000000000000018,0.010000000000000009
KXNFLRSHYDS-25NOV16BALCLE-BALLJACKSON8-50,Lamar Jackson records 50+ rushing yards,no,0.0,2025-11,low,last_preclose,1763340280,1763330400.0,9880.0,0.41,True,0.16809999999999997,0.41
KXPGATOUR-WOWTC25-BTHO,Will Braden Thornberry win the World Wide Technology Championship?,no,0.0,2025-11,low,last_preclose,1762731799,1762441200.0,290599.0,0.01,True,0.0001,0.01
KXVALPLIND-25-TNEM,Will Team Nemesis win the Predator League 2026: Indonesia?,no,0.0,2025-11,low,last_preclose,1763421263,1763334000.0,87263.0,0.79,True,0.6241000000000001,0.79
KXCDASEATS-25OCT29-B15,Will Christian Democratic Appeal (CDA) win below 15 seats in 2025 Dutch general election?,no,0.0,2025-11,mid,last_preclose,1762553937,1762362000.0,191937.0,0.01,True,0.0001,0.01
KXNBAPTS-25NOV26NYKCHA-NYKJBRUNSONPG-25,Jalen Brunson records 25+ points,yes,1.0,2025-11,mid,last_preclose,1764214478,1764208800.0,5678.0,0.99,True,0.00010000000000000018,0.010000000000000009
KXNBASPREAD-25NOV11DENSAC-SAC7,Sacramento wins by over 7.5 Points?,no,0.0,2025-11,mid,last_preclose,1762930167,1762927200.0,2967.0,0.13,True,0.016900000000000002,0.13
KXNBATOTAL-25NOV03SACDEN-242,Sacramento at Denver: Total Points,yes,1.0,2025-11,mid,last_preclose,1762231498,1762228800.0,2698.0,0.78,True,0.04839999999999999,0.21999999999999997
KXNCAAFSPREAD-25NOV01PITTSTAN-PITT9,Pittsburgh wins by over 9.5 points?,yes,1.0,2025-11,mid,last_preclose,1762043750,1762041600.0,2150.0,0.99,True,0.00010000000000000018,0.010000000000000009
KXNCAAFSPREAD-25NOV01WVUHOU-HOU10,Houston wins by over 10.5 points?,no,0.0,2025-11,mid,last_preclose,1762030331,1762027200.0,3131.0,0.01,True,0.0001,0.01
KXNCAAFSPREAD-25NOV22KSUUTAH-UTAH23,Utah wins by over 23.5 points?,no,0.0,2025-11,mid,last_preclose,1763862919,1763859600.0,3319.0,0.01,True,0.0001,0.01
KXNCAAFSPREAD-25NOV22MINNNW-NW17,Northwestern wins by over 17.5 points?,no,0.0,2025-11,mid,last_preclose,1763845909,1763841600.0,4309.0,0.01,True,0.0001,0.01
KXNCAAFSPREAD-25NOV22TENNFLA-FLA3,Florida wins by over 3.5 points?,no,0.0,2025-11,mid,last_preclose,1763873101,1763863200.0,9901.0,0.01,True,0.0001,0.01
KXNCAAFTOTAL-25NOV08KUARIZ-56,Kansas at Arizona: Total Points,no,0.0,2025-11,mid,last_preclose,1762649127,1762646400.0,2727.0,0.01,True,0.0001,0.01
KXNCAAFTOTAL-25NOV15MDILL-44,Maryland at Illinois: Total Points,no,0.0,2025-11,mid,last_preclose,1763254230,1763251200.0,3030.0,0.01,True,0.0001,0.01
KXNCAAFTOTAL-25NOV22NEVWYO-38,Nevada at Wyoming: Total Points,no,0.0,2025-11,mid,last_preclose,1763850982,1763848800.0,2182.0,0.4,True,0.16000000000000003,0.4
KXNCAAFTOTAL-25NOV29COLOKSU-45,Colorado at Kansas St.: Total Points,no,0.0,2025-11,mid,last_preclose,1764448316,1764442800.0,5516.0,0.12,True,0.0144,0.12
KXNCAAFTOTAL-25NOV29NDSTAN-41,Notre Dame at Stanford: Total Points,yes,1.0,2025-11,mid,last_preclose,1764492574,1764482400.0,10174.0,0.99,True,0.00010000000000000018,0.010000000000000009
KXNCAAMBSPREAD-25NOV11MONTUNLV-UNLV3,UNLV wins by over 3.5 Points?,no,0.0,2025-11,mid,last_preclose,1762926571,1762923600.0,2971.0,0.01,True,0.0001,0.01
KXNCAAMBSPREAD-25NOV12CPCSU-CSU19,Colorado St. wins by over 19.5 Points?,no,0.0,2025-11,mid,last_preclose,1763009089,1763006400.0,2689.0,0.46,True,0.2116,0.46
KXNCAAMBSPREAD-25NOV12SIESBON-SBON10,St. Bonaventure wins by over 10.5 Points?,no,0.0,2025-11,mid,last_preclose,1763002818,1763002800.0,18.0,0.01,True,0.0001,0.01
KXNCAAMBSPREAD-25NOV24ASUTEX-TEX13,Texas wins by over 13.5 Points?,no,0.0,2025-11,mid,last_preclose,1764060273,1764054000.0,6273.0,0.01,True,0.0001,0.01
KXNCAAMBTOTAL-25NOV08UMBCDAY-162,UMBC at Dayton: Total Points,no,0.0,2025-11,mid,last_preclose,1762638339,1762635600.0,2739.0,0.44,True,0.1936,0.44
KXNCAAMBTOTAL-25NOV14UCFTXAM-170,UCF at Texas A&M: Total Points,no,0.0,2025-11,mid,last_preclose,1763178302,1763175600.0,2702.0,0.04,True,0.0016,0.04
KXNCAAMBTOTAL-25NOV21DETMSU-136,Detroit Mercy at Michigan St.: Total Points,yes,1.0,2025-11,mid,last_preclose,1763775974,1763773200.0,2774.0,0.46,True,0.2916,0.54
KXNCAAMBTOTAL-25NOV21USUTULN-161,Utah St. at Tulane: Total Points,yes,1.0,2025-11,mid,last_preclose,1763759776,1763755200.0,4576.0,0.99,True,0.00010000000000000018,0.010000000000000009
KXNCAAMBTOTAL-25NOV24LMUFAU-154,Loyola Marymount at Florida Atlantic: Total Points,no,0.0,2025-11,mid,last_preclose,1764044387,1764043200.0,1187.0,0.01,True,0.0001,0.01
KXNCAAMBTOTAL-25NOV28MIAGTWN-145,Miami (FL) at Georgetown: Total Points,no,0.0,2025-11,mid,last_preclose,1764383683,1764378000.0,5683.0,0.4,True,0.16000000000000003,0.4
KXNCAAMBTOTAL-25NOV28SMUMSST-164,SMU at Mississippi St.: Total Points,yes,1.0,2025-11,mid,last_preclose,1764384600,1764381600.0,3000.0,0.17,True,0.6889,0.83
KXNCAAWBGAME-25NOV20HOUUTRGV-HOU,Houston at UT Rio Grande Valley Winner?,yes,1.0,2025-11,mid,last_preclose,1763699116,1763694000.0,5116.0,0.99,True,0.00010000000000000018,0.010000000000000009
KXNFLANYTD-25NOV23PITCHI-CHIKMONANGAI25,Pittsburgh at Chicago: Anytime Touchdown Scorer: Kyle Monangai,yes,1.0,2025-11,mid,last_preclose,1763933485,1763931600.0,1885.0,0.99,True,0.00010000000000000018,0.010000000000000009
KXNFLFIRSTTD-25NOV30ARITB-TBCOTTON88,Arizona at Tampa Bay: First Touchdown Scorer: Cade Otton,no,0.0,2025-11,mid,last_preclose,1764537037,1764532800.0,4237.0,0.01,True,0.0001,0.01
KXNFLPASSTDS-25NOV23JACARI-ARIJBRISSETT7-2,Jacoby Brissett records 2+ passing touchdowns,no,0.0,2025-11,mid,last_preclose,1763945401,1763938800.0,6601.0,0.22,True,0.0484,0.22
KXNFLPASSTDS-25NOV30LACAR-LAMSTAFFORD9-3,Matthew Stafford records 3+ passing touchdowns,no,0.0,2025-11,mid,last_preclose,1764537023,1764536400.0,623.0,0.01,True,0.0001,0.01
KXNFLREC-25NOV09NOCAR-NOJJOHNSON83-2,Juwan Johnson records 2+ receptions,yes,1.0,2025-11,mid,last_preclose,1762722593,1762718400.0,4193.0,0.99,True,0.00010000000000000018,0.010000000000000009
KXNFLRECYDS-25NOV30LACAR-LADALLEN87-20,Davis Allen records 20+ receiving yards,no,0.0,2025-11,mid,last_preclose,1764537035,1764536400.0,635.0,0.01,True,0.0001,0.01
KXNFLRSHYDS-25NOV20BUFHOU-BUFJALLEN17-20,Josh Allen records 20+ rushing yards,yes,1.0,2025-11,mid,last_preclose,1763700292,1763697600.0,2692.0,0.98,True,0.0004000000000000007,0.020000000000000018
KXNHLSPREAD-25NOV01CHIEDM-EDM2,Edmonton wins by over 2.5 goals?,no,0.0,2025-11,mid,last_preclose,1762059618,1762059600.0,18.0,0.01,True,0.0001,0.01
KXNHLSPREAD-25NOV02CGYPHI-CGY1,Calgary wins by over 1.5 goals?,no,0.0,2025-11,mid,last_preclose,1762139114,1762138800.0,314.0,0.01,True,0.0001,0.01
KXNHLSPREAD-25NOV08DALNSH-NSH1,Nashville wins by over 1.5 goals?,no,0.0,2025-11,mid,last_preclose,1762644898,1762642800.0,2098.0,0.01,True,0.0001,0.01
KXNHLSPREAD-25NOV28NJBUF-BUF1,Buffalo wins by over 1.5 goals?,no,0.0,2025-11,mid,last_preclose,1764375917,1764374400.0,1517.0,0.01,True,0.0001,0.01
KXNHLTOTAL-25NOV24CBJWSH-6,Columbus vs Washington: Total Points,no,0.0,2025-11,mid,last_preclose,1764039306,1764036000.0,3306.0,0.4,True,0.16000000000000003,0.4
KXBUNDESLIGASPREAD-25DEC06VFBBMU-BMU1,Bayern Munich wins by over 1.5 goals?,yes,1.0,2025-12,high,last_preclose,1765038653,1765036800.0,1853.0,0.39,True,0.3721,0.61
KXCFPSEED-25-2ND-OSU,College Football Playoffs: 2 Seed,yes,1.0,2025-12,high,last_preclose,1765130358,1765126800.0,3558.0,0.21,True,0.6241000000000001,0.79
KXEPLTOTAL-25DEC13CFCEVE-2,Everton at Chelsea: Totals,no,0.0,2025-12,high,last_preclose,1765644909,1765641600.0,3309.0,0.75,True,0.5625,0.75
KXEREDIVISIEGAME-25DEC07FCUTWE-TIE,Utrecht vs Enschede Winner?,yes,1.0,2025-12,high,last_preclose,1765119957,1765116000.0,3957.0,0.99,True,0.00010000000000000018,0.010000000000000009
KXEREDIVISIEGAME-25DEC20HERHEE-HEE,Heracles Almelo vs Heerenveen Winner?,yes,1.0,2025-12,high,last_preclose,1766252132,1766250000.0,2132.0,0.76,True,0.0576,0.24
KXJPAULWALKOUT-25DEC20-RATCT,"Will Jake Paul's walkout song be Rockin' Around the Christmas Tree at Jake Paul vs. Anthony Joshua boxing match originally scheduled for Dec 19, 2025",no,0.0,2025-12,high,last_preclose,1766208386,1766206800.0,1586.0,0.01,True,0.0001,0.01
KXLIGAMXGAME-25DEC03MONTOL-MON,Monterrey vs Toluca Winner?,yes,1.0,2025-12,high,last_preclose,1764825621,1764824400.0,1221.0,0.87,True,0.016900000000000002,0.13
KXNBASPREAD-25DEC01PHXLAL-PHX1,Phoenix wins by over 1.5 Points?,yes,1.0,2025-12,high,last_preclose,1764653977,1764651600.0,2377.0,0.94,True,0.0036000000000000064,0.06000000000000005
KXNBASPREAD-25DEC18GSWPHX-PHX2,Phoenix wins by over 2.5 Points?,no,0.0,2025-12,high,last_preclose,1766122466,1766120400.0,2066.0,0.01,True,0.0001,0.01
KXNBASPREAD-25DEC20BOSTOR-TOR5,Toronto wins by over 5.5 Points?,no,0.0,2025-12,high,last_preclose,1766284486,1766282400.0,2086.0,0.09,True,0.0081,0.09
KXNBATOTAL-25DEC03SASORL-221,San Antonio at Orlando: Total Points,yes,1.0,2025-12,high,last_preclose,1764816290,1764813600.0,2690.0,0.38,True,0.3844,0.62
KXNBATOTAL-25DEC15HOUDEN-221,Houston at Denver: Total Points,yes,1.0,2025-12,high,last_preclose,1765863577,1765861200.0,2377.0,0.79,True,0.044099999999999986,0.20999999999999996
KXNBATOTAL-25DEC23TORMIA-228,Toronto at Miami: Total Points,no,0.0,2025-12,high,last_preclose,1766545844,1766545200.0,644.0,0.01,True,0.0001,0.01
KXNCAAFB12-25-BYU,College Football Big 12 Championship Winner?,no,0.0,2025-12,high,last_preclose,1765053668,1765051200.0,2468.0,0.01,True,0.0001,0.01
KXNCAAFTOTAL-25DEC17ULLDEL-49,Louisiana at Delaware: Total Points,no,0.0,2025-12,high,last_preclose,1766036384,1766034000.0,2384.0,0.01,True,0.0001,0.01
KXNCAAMBGAME-25DEC13MEMLOU-MEM,Memphis at Louisville Winner?,no,0.0,2025-12,high,last_preclose,1765667584,1765666800.0,784.0,0.01,True,0.0001,0.01
KXNCAAMBGAME-25DEC16BELEVAN-BEL,Belmont at Evansville Winner?,yes,1.0,2025-12,high,last_preclose,1765941344,1765940400.0,944.0,0.99,True,0.00010000000000000018,0.010000000000000009
KXNCAAMBSPREAD-25DEC10FDUFOR-FOR25,Fordham wins by over 25.5 Points?,no,0.0,2025-12,high,last_preclose,1765419337,1765418400.0,937.0,0.02,True,0.0004,0.02
KXNCAAMBSPREAD-25DEC23VILLHALL-VILL1,Villanova wins by over 1.5 Points?,yes,1.0,2025-12,high,last_preclose,1766544004,1766541600.0,2404.0,0.97,True,0.0009000000000000016,0.030000000000000027
KXNCAAMBTOTAL-25DEC06DUKEMSU-141,Duke at Michigan St.: Total Points,no,0.0,2025-12,high,last_preclose,1765049791,1765047600.0,2191.0,0.05,True,0.0025000000000000005,0.05
KXNCAAMBTOTAL-25DEC13GWFLA-163,George Washington at Florida: Total Points,no,0.0,2025-12,high,last_preclose,1765668376,1765666800.0,1576.0,0.01,True,0.0001,0.01
KXNCAAWBGAME-25DEC02ESCSEA-ESC,Evergreen St. at Seattle Winner?,no,0.0,2025-12,high,last_preclose,1764710422,1764709200.0,1222.0,0.01,True,0.0001,0.01
KXNCAAWBGAME-25NOV30MSUCLEM-CLEM,Michigan St. at Clemson Winner?,no,0.0,2025-12,high,last_preclose,1764553786,1764550800.0,2986.0,0.05,True,0.0025000000000000005,0.05
KXNFLFIRSTTD-25DEC21PITDET-PITARODGERS8,Pittsburgh at Detroit: First Touchdown Scorer: Aaron Rodgers,no,0.0,2025-12,high,last_preclose,1766366123,1766358000.0,8123.0,0.03,True,0.0009,0.03
KXNFLFIRSTTD-25DEC28NENYJ-NOTD,New England at New York J: First Touchdown Scorer: No Touchdown,no,0.0,2025-12,high,last_preclose,1766945457,1766944800.0,657.0,0.02,True,0.0004,0.02
KXNFLPREPACK3ML-25DEC14DENGBLADETSEAIND-GBLAIND,"Green Bay wins against Denver, Los Angeles R wins against Detroit, Indianapolis wins against Seattle",no,0.0,2025-12,high,last_preclose,1765759512,1765756800.0,2712.0,0.11,True,0.0121,0.11
KXNFLSPREAD-25DEC28CHISF-CHI9,Chicago wins by over 9.5 points?,no,0.0,2025-12,high,last_preclose,1766984078,1766980800.0,3278.0,0.07,True,0.004900000000000001,0.07
KXNFLTOTAL-25DEC15MIAPIT-30,Miami at Pittsburgh: Total Points,yes,1.0,2025-12,high,last_preclose,1765859679,1765857600.0,2079.0,0.99,True,0.00010000000000000018,0.010000000000000009
KXNHLGAME-25DEC27NSHSTL-STL,Nashville vs St. Louis Winner?,yes,1.0,2025-12,high,last_preclose,1766895941,1766894400.0,1541.0,0.99,True,0.00010000000000000018,0.010000000000000009
KXUCLGAME-25DEC09ALMOLY-TIE,Kairat vs Olympiacos Winner?,no,0.0,2025-12,high,last_preclose,1765301414,1765299600.0,1814.0,0.5,True,0.25,0.5
KXUELGAME-25DEC11SCFRBS-RBS,Freiburg vs Salzburg Winner?,no,0.0,2025-12,high,last_preclose,1765490447,1765490400.0,47.0,0.01,True,0.0001,0.01
KXHONDURASPRESIDENTMOV-25NOV30-60,Will Election winner's margin in the 2025 Honduras Presidential election be between 21 and 100?,no,0.0,2025-12,low,last_preclose,1766970454,1766293200.0,677254.0,0.04,True,0.0016,0.04
KXNBAAST-25DEC20PORSAC-PORDAVDIJA8-8,Deni Avdija records 8+ assists,yes,1.0,2025-12,low,last_preclose,1766297673,1766293200.0,4473.0,0.99,True,0.00010000000000000018,0.010000000000000009
KXNBAPTS-25DEC18HOUNOP-NOPTMURPHY25-10,Trey Murphy III records 10+ points,yes,1.0,2025-12,low,last_preclose,1766117215,1766109600.0,7615.0,0.99,True,0.00010000000000000018,0.010000000000000009
KXNBAPTS-25DEC23NYKMIN-MINAEDWARDS5-25,Anthony Edwards records 25+ points,yes,1.0,2025-12,low,last_preclose,1766548206,1766545200.0,3006.0,0.99,True,0.00010000000000000018,0.010000000000000009
KXNBAPTS-25DEC23TORMIA-MIABADEBAYO13-30,Bam Adebayo records 30+ points,no,0.0,2025-12,low,last_preclose,1766545859,1766541600.0,4259.0,0.1,True,0.010000000000000002,0.1
KXNBAREB-25DEC03CHANYK-CHALBALLPG-2,LaMelo Ball records 2+ rebounds,yes,1.0,2025-12,low,last_preclose,1764817797,1764810000.0,7797.0,0.99,True,0.00010000000000000018,0.010000000000000009
KXNBAREB-25DEC18ORLDEN-ORLPBANCHERO5-4,Paolo Banchero records 4+ rebounds,yes,1.0,2025-12,low,last_preclose,1766118868,1766113200.0,5668.0,0.99,True,0.00010000000000000018,0.010000000000000009
KXNBAREB-25DEC26LACPOR-LACKLEONARD2-6,Kawhi Leonard records 6+ rebounds,yes,1.0,2025-12,low,last_preclose,1766814602,1766808000.0,6602.0,0.94,True,0.0036000000000000064,0.06000000000000005
KXNCAAF-26-CHAR,Will the Charlotte win the College Football Playoff National Championship?,no,0.0,2025-12,low,last_preclose,1765227781,1758585600.0,6642181.0,0.01,True,0.0001,0.01
KXNCAAMBSPREAD-25DEC01TARLCIN-CIN32,Cincinnati wins by over 32.5 Points?,no,0.0,2025-12,low,last_preclose,1764642631,1764640800.0,1831.0,0.01,True,0.0001,0.01
KXNCAAMBSPREAD-25DEC06PENNVILL-VILL34,Villanova wins by over 34.5 Points?,no,0.0,2025-12,low,last_preclose,1765077325,1765076400.0,925.0,0.01,True,0.0001,0.01
KXNCAAMBSPREAD-25DEC14KENTPORT-KENT13,Kent St. wins by over 13.5 Points?,no,0.0,2025-12,low,last_preclose,1765758292,1765756800.0,1492.0,0.01,True,0.0001,0.01
KXNCAAMBSPREAD-25DEC15NIAGVCU-VCU44,VCU wins by over 44.5 Points?,no,0.0,2025-12,low,last_preclose,1765852191,1765846800.0,5391.0,0.01,True,0.0001,0.01
KXNCAAMBSPREAD-25DEC20CHSIND-IND45,Indiana wins by over 45.5 Points?,no,0.0,2025-12,low,last_preclose,1766262157,1766260800.0,1357.0,0.01,True,0.0001,0.01
KXNCAAMBSPREAD-25DEC30UNMBSU-BSU20,Boise St. wins by over 20.5 Points?,no,0.0,2025-12,low,last_preclose,1767162875,1767160800.0,2075.0,0.01,True,0.0001,0.01
KXNCAAMBTOTAL-25DEC13JKSTNW-137,Jackson St. at Northwestern: Total Points,yes,1.0,2025-12,low,last_preclose,1765660914,1765659600.0,1314.0,0.99,True,0.00010000000000000018,0.010000000000000009
KXNCAAMBTOTAL-25DEC13MHUDAV-134,Mercyhurst at Davidson: Total Points,no,0.0,2025-12,low,last_preclose,1765660620,1765659600.0,1020.0,0.01,True,0.0001,0.01
KXNCAAMBTOTAL-25DEC18WCUUGA-154,Western Carolina at Georgia: Total Points,yes,1.0,2025-12,low,last_preclose,1766112067,1766109600.0,2467.0,0.99,True,0.00010000000000000018,0.010000000000000009
KXNCAAMBTOTAL-25DEC21CSFOKST-179,Cal State Fullerton at Oklahoma St.: Total Points,yes,1.0,2025-12,low,last_preclose,1766353636,1766343600.0,10036.0,0.46,True,0.2916,0.54
KXNCAAMBTOTAL-25DEC22PVLSU-156,Prairie View A&M at LSU: Total Points,yes,1.0,2025-12,low,last_preclose,1766458522,1766451600.0,6922.0,0.99,True,0.00010000000000000018,0.010000000000000009
KXNCAAMBTOTAL-25DEC30BUTCREI-137,Butler at Creighton: Total Points,yes,1.0,2025-12,low,last_preclose,1767156034,1767153600.0,2434.0,0.99,True,0.00010000000000000018,0.010000000000000009
KXNFLANYTD-25DEC07CINBUF-CINDST,Cincinnati at Buffalo: Anytime Touchdown Scorer: Cincinnati D/ST,no,0.0,2025-12,low,last_preclose,1765143952,1765134000.0,9952.0,0.15,True,0.0225,0.15
KXNFLFIRSTTD-25DEC07INDJAC-INDDST,Indianapolis at Jacksonville: First Touchdown Scorer: Indianapolis D/ST,no,0.0,2025-12,low,last_preclose,1765143661,1765130400.0,13261.0,0.01,True,0.0001,0.01
KXNFLPASSYDS-25DEC14LACKC-LACJHERBERT10-350,Justin Herbert records 350+ passing yards,no,0.0,2025-12,low,last_preclose,1765748718,1765702800.0,45918.0,0.1,True,0.010000000000000002,0.1
KXNFLPASSYDS-25DEC25DENKC-KCCOLADOKUN19-300,Chris Oladokun records 300+ passing yards,no,0.0,2025-12,low,last_preclose,1766723408,1766685600.0,37808.0,0.05,True,0.0025000000000000005,0.05
KXNFLPASSYDS-25NOV30BUFPIT-PITARODGERS8-350,Aaron Rodgers records 350+ passing yards,no,0.0,2025-12,low,last_preclose,1764549308,1764547200.0,2108.0,0.01,True,0.0001,0.01
KXNFLREC-25DEC07CINBUF-BUFKCOLEMAN0-3,Keon Coleman records 3+ receptions,no,0.0,2025-12,low,last_preclose,1765144522,1765130400.0,14122.0,0.34,True,0.11560000000000002,0.34
KXNFLREC-25DEC07SEAATL-ATLDMOONEY1-3,Darnell Mooney records 3+ receptions,no,0.0,2025-12,low,last_preclose,1765143066,1765134000.0,9066.0,0.56,True,0.31360000000000005,0.56
KXNFLREC-25DEC14BUFNE-NESDIGGS8-3,Stefon Diggs records 3+ receptions,yes,1.0,2025-12,low,last_preclose,1765748118,1765746000.0,2118.0,0.89,True,0.012099999999999998,0.10999999999999999
KXNFLREC-25DEC14INDSEA-SEACKUPP10-3,Cooper Kupp records 3+ receptions,yes,1.0,2025-12,low,last_preclose,1765760116,1765753200.0,6916.0,0.99,True,0.00010000000000000018,0.010000000000000009
KXNFLRECYDS-25DEC07LAARI-LADADAMS17-80,Davante Adams records 80+ receiving yards,no,0.0,2025-12,low,last_preclose,1765154433,1765144800.0,9633.0,0.2,True,0.04000000000000001,0.2
KXNFLTEAMTOTAL-25DEC07HOUKC-HOU7,Houston at Kansas City: Team Totals: Houston,yes,1.0,2025-12,low,last_preclose,1765181795,1765166400.0,15395.0,0.99,True,0.00010000000000000018,0.010000000000000009
KXNHLAST-25DEC27COLVGK-COLMNECAS88-2,Martin Necas records 2+ assists,no,0.0,2025-12,low,last_preclose,1766901702,1766894400.0,7302.0,0.26,True,0.06760000000000001,0.26
KXNHLGOAL-25DEC02TBNYI-TBBHAGEL38,TB Lightning at NYI Islanders: Anytime Goal: Brandon Hagel,no,0.0,2025-12,low,last_preclose,1764729368,1764727200.0,2168.0,0.24,True,0.0576,0.24
KXNHLGOAL-25DEC07CHIANA-CHISRINZEL6,CHI Blackhawks at ANA Ducks: Anytime Goal: Sam Rinzel,no,0.0,2025-12,low,last_preclose,1765166499,1765166400.0,99.0,0.01,True,0.0001,0.01
KXNHLGOAL-25DEC13TBNYI-NYIALEE27,TB Lightning at NYI Islanders: Anytime Goal: Anders Lee,no,0.0,2025-12,low,last_preclose,1765670564,1765666800.0,3764.0,0.17,True,0.028900000000000006,0.17
KXNHLGOAL-25DEC20DETWSH-WSHDSTROME17,DET Red Wings at WSH Capitals: Anytime Goal: Dylan Strome,no,0.0,2025-12,low,last_preclose,1766262723,1766253600.0,9123.0,0.27,True,0.0729,0.27
KXNHLGOAL-25DEC28TORDET-DETASANDINPELLIKKA44,TOR Maple Leafs at DET Red Wings: Anytime Goal: Axel Sandin-Pellikka,no,0.0,2025-12,low,last_preclose,1766983256,1766977200.0,6056.0,0.96,True,0.9216,0.96
KXSERIEASPREAD-25DEC14BFCJUV-BFC1,Bologna wins by over 1.5 goals?,no,0.0,2025-12,low,last_preclose,1765748452,1765746000.0,2452.0,0.13,True,0.016900000000000002,0.13
KXCRICKETT20IMATCH-25DEC09PHIMAL-PHI,Malaysia vs Philippines Winner?,no,0.0,2025-12,mid,last_preclose,1765294808,1765278000.0,16808.0,0.02,True,0.0004,0.02
KXDARTSMATCH-25DEC29JCLAAHAR-AHAR,Will Andreas Harrysson win the Jonny Clayton vs Andreas Harrysson darts match?,no,0.0,2025-12,mid,last_preclose,1767108586,1767106800.0,1786.0,0.97,True,0.9409,0.97
KXEPLTOTAL-25DEC30NFOEVE-1,Everton at Nottingham: Totals,yes,1.0,2025-12,mid,last_preclose,1767129916,1767128400.0,1516.0,0.55,True,0.20249999999999996,0.44999999999999996
KXMRBEASTMENTION-25DEC30-SPED,What will MrBeast say during Next MrBeast Youtube Video?,yes,1.0,2025-12,mid,last_preclose,1765076327,1765044000.0,32327.0,0.99,True,0.00010000000000000018,0.010000000000000009
KXNBASPREAD-25DEC03DETMIL-MIL6,Milwaukee wins by over 6.5 Points?,no,0.0,2025-12,mid,last_preclose,1764820471,1764817200.0,3271.0,0.04,True,0.0016,0.04
KXNBASPREAD-25DEC28BOSPOR-BOS18,Boston wins by over 18.5 Points?,no,0.0,2025-12,mid,last_preclose,1766973006,1766970000.0,3006.0,0.01,True,0.0001,0.01
KXNBATOTAL-25DEC06NOPBKN-211,New Orleans at Brooklyn: Total Points,yes,1.0,2025-12,mid,last_preclose,1765067083,1765065600.0,1483.0,0.99,True,0.00010000000000000018,0.010000000000000009
KXNCAAMBSPREAD-25DEC02CONNKU-KU2,Kansas wins by over 2.5 Points?,no,0.0,2025-12,mid,last_preclose,1764737089,1764734400.0,2689.0,0.1,True,0.010000000000000002,0.1
KXNCAAMBSPREAD-25DEC05CINXAV-XAV7,Xavier wins by over 7.5 Points?,no,0.0,2025-12,mid,last_preclose,1764990289,1764990000.0,289.0,0.01,True,0.0001,0.01
KXNCAAMBSPREAD-25DEC13UTSACOLO-COLO12,Colorado wins by over 12.5 Points?,yes,1.0,2025-12,mid,last_preclose,1765670154,1765666800.0,3354.0,0.67,True,0.10889999999999997,0.32999999999999996
KXNCAAMBSPREAD-25DEC21UNCAUAB-UAB2,UAB wins by over 2.5 Points?,yes,1.0,2025-12,mid,last_preclose,1766354779,1766354400.0,379.0,0.99,True,0.00010000000000000018,0.010000000000000009
KXNCAAMBSPREAD-25DEC29JKSTTCU-TCU21,TCU wins by over 21.5 Points?,yes,1.0,2025-12,mid,last_preclose,1767066892,1767063600.0,3292.0,0.99,True,0.00010000000000000018,0.010000000000000009
KXNCAAMBTOTAL-25DEC02TENNSYR-136,Tennessee at Syracuse: Total Points,no,0.0,2025-12,mid,last_preclose,1764730270,1764727200.0,3070.0,0.24,True,0.0576,0.24
KXNCAAMBTOTAL-25DEC03INDMINN-126,Indiana at Minnesota: Total Points,yes,1.0,2025-12,mid,last_preclose,1764816932,1764813600.0,3332.0,0.99,True,0.00010000000000000018,0.010000000000000009
KXNCAAMBTOTAL-25DEC13MHUDAV-128,Mercyhurst at Davidson: Total Points,no,0.0,2025-12,mid,last_preclose,1765660619,1765659600.0,1019.0,0.01,True,0.0001,0.01
KXNCAAMBTOTAL-25DEC13MSUPSU-138,Michigan St. at Penn St.: Total Points,yes,1.0,2025-12,mid,last_preclose,1765654011,1765652400.0,1611.0,0.99,True,0.00010000000000000018,0.010000000000000009
KXNCAAMBTOTAL-25DEC16UNCOTTU-156,Northern Colorado at Texas Tech: Total Points,yes,1.0,2025-12,mid,last_preclose,1765942231,1765940400.0,1831.0,0.99,True,0.00010000000000000018,0.010000000000000009
KXNCAAMBTOTAL-25DEC21COFCNKU-151,Charleston at Northern Kentucky: Total Points,yes,1.0,2025-12,mid,last_preclose,1766345218,1766343600.0,1618.0,0.99,True,0.00010000000000000018,0.010000000000000009
KXNCAAMBTOTAL-25DEC22USDWASH-153,San Diego at Washington: Total Points,no,0.0,2025-12,mid,last_preclose,1766467815,1766466000.0,1815.0,0.01,True,0.0001,0.01
KXNFLANYTD-25DEC21CINMIA-MIAMWASHINGTON6,Cincinnati at Miami: Anytime Touchdown Scorer: Malik Washington,yes,1.0,2025-12,mid,last_preclose,1766343921,1766340000.0,3921.0,0.17,True,0.6889,0.83
KXNFLPASSTDS-25DEC21NEBAL-BALLJACKSON8-2,Lamar Jackson records 2+ passing touchdowns,no,0.0,2025-12,mid,last_preclose,1766378983,1766372400.0,6583.0,0.04,True,0.0016,0.04
KXNFLPASSTDS-25DEC28ARICIN-CINJBURROW9-3,Joe Burrow records 3+ passing touchdowns,no,0.0,2025-12,mid,last_preclose,1766957449,1766955600.0,1849.0,0.37,True,0.1369,0.37
KXNFLREC-25DEC14BALCIN-CINCBROWN30-4,Chase Brown records 4+ receptions,yes,1.0,2025-12,mid,last_preclose,1765747274,1765738800.0,8474.0,0.53,True,0.22089999999999999,0.47
KXNFLREC-25DEC25DALWAS-WASDSAMUEL1-6,Deebo Samuel records 6+ receptions,no,0.0,2025-12,mid,last_preclose,1766698805,1766692800.0,6005.0,0.31,True,0.0961,0.31
KXNFLRECYDS-25DEC21JACDEN-DENPBRYANT13-20,Pat Bryant records 20+ receiving yards,yes,1.0,2025-12,mid,last_preclose,1766364584,1766361600.0,2984.0,0.99,True,0.00010000000000000018,0.010000000000000009
KXNFLRSHYDS-25DEC21KCTEN-KCKHUNT29-29,Kareem Hunt records 29+ rushing yards,no,0.0,2025-12,mid,last_preclose,1766352302,1766340000.0,12302.0,0.53,True,0.28090000000000004,0.53
KXNFLRSHYDS-25DEC28NYGLV-LVGSMITH7-40,Geno Smith records 40+ rushing yards,no,0.0,2025-12,mid,last_preclose,1766967312,1766966400.0,912.0,0.01,True,0.0001,0.01
KXNFLTOTAL-25DEC14LVPHI-51,Las Vegas at Philadelphia: Total Points,no,0.0,2025-12,mid,last_preclose,1765745772,1765742400.0,3372.0,0.01,True,0.0001,0.01
KXNHLFIRSTGOAL-25DEC29BOSCGY-BOSPZACHA18,BOS Bruins at CGY Flames: First Goal: Pavel Zacha,no,0.0,2025-12,mid,last_preclose,1767076352,1767063600.0,12752.0,0.05,True,0.0025000000000000005,0.05
KXNHLGOAL-25DEC23CGYEDM-EDMLDRAISAITL29,CGY Flames at EDM Oilers: Anytime Goal: Leon Draisaitl,yes,1.0,2025-12,mid,last_preclose,1766552561,1766548800.0,3761.0,0.99,True,0.00010000000000000018,0.010000000000000009
KXNHLGOAL-25DEC23PHICHI-CHITBERTUZZI59,PHI Flyers at CHI Blackhawks: Anytime Goal: Tyler Bertuzzi,no,0.0,2025-12,mid,last_preclose,1766552559,1766538000.0,14559.0,0.36,True,0.1296,0.36
KXNHLSPREAD-25DEC27COLVGK-VGK2,Vegas wins by over 2.5 goals?,no,0.0,2025-12,mid,last_preclose,1766903406,1766901600.0,1806.0,0.01,True,0.0001,0.01
KXNHLSPREAD-25DEC27EDMCGY-CGY2,Calgary wins by over 2.5 goals?,no,0.0,2025-12,mid,last_preclose,1766902180,1766901600.0,580.0,0.01,True,0.0001,0.01
KXRANKLISTSONGTOP10-25DEC20-HOL,"Will A Holly Jolly Christmas be Top 10 on the Billboard Hot 100 chart for the week of December 20, 2025?",no,0.0,2025-12,mid,last_preclose,1765904075,1765789200.0,114875.0,0.06,True,0.0036,0.06
KXSERIEATOTAL-25DEC06INTCOM-2,Como at Inter: Totals,yes,1.0,2025-12,mid,last_preclose,1765047614,1765047600.0,14.0,0.99,True,0.00010000000000000018,0.010000000000000009
KXUCLSPREAD-25DEC10LEVNEW-NEW1,Newcastle wins by over 1.5 goals?,no,0.0,2025-12,mid,last_preclose,1765403696,1765400400.0,3296.0,0.02,True,0.0004,0.02
KXBUNDESLIGATOTAL-26JAN13VFBSGE-3,Frankfurt at Stuttgart: Totals,yes,1.0,2026-01,high,last_preclose,1768331998,1768330800.0,1198.0,0.67,True,0.10889999999999997,0.32999999999999996
KXCRICKETT20IMATCH-26JAN26ITAIRL-ITA,Ireland vs Italy Winner?,yes,1.0,2026-01,high,last_preclose,1769456982,1769450400.0,6582.0,0.99,True,0.00010000000000000018,0.010000000000000009
KXCS2MAP-26JAN13ASTFNC-1-AST,Will Astralis win map 1 in the Astralis vs. fnatic match?,no,0.0,2026-01,high,last_preclose,1768326585,1768323600.0,2985.0,0.95,True,0.9025,0.95
KXDPWORLDTOUR-HEDDC26-RFOX,Will Ryan Fox win the Hero Dubai Desert Classic?,no,0.0,2026-01,high,last_preclose,1769362384,1769266800.0,95584.0,0.01,True,0.0001,0.01
KXEREDIVISIEGAME-26JAN11TELAJA-TEL,Telstar vs Ajax Winner?,no,0.0,2026-01,high,last_preclose,1768146060,1768143600.0,2460.0,0.01,True,0.0001,0.01
KXFIBACHAMPLEAGUEGAME-26JAN08CHAPRO-PRO,Elan Chalon at Promitheas Patras BC Winner?,no,0.0,2026-01,high,last_preclose,1767904519,1767902400.0,2119.0,0.1,True,0.010000000000000002,0.1
KXLALIGATOTAL-26JAN24SEVATH-1,Bilbao at Sevilla: Totals,yes,1.0,2026-01,high,last_preclose,1769280603,1769277600.0,3003.0,0.54,True,0.21159999999999995,0.45999999999999996
KXLIGUE1GAME-26JAN17RCLAUX-TIE,Lens vs Auxerre Winner?,no,0.0,2026-01,high,last_preclose,1768672793,1768669200.0,3593.0,0.36,True,0.1296,0.36
KXLOLGAME-26JAN26JDGBLG-JDG,Will JD Gaming win the JD Gaming vs. Bilibili Gaming League of Legends match?,yes,1.0,2026-01,high,last_preclose,1769436583,1769436000.0,583.0,0.88,True,0.0144,0.12
KXNBAGAME-26JAN07LALSAS-LAL,Los Angeles L at San Antonio Winner?,no,0.0,2026-01,high,last_preclose,1767849352,1767848400.0,952.0,0.01,True,0.0001,0.01
KXNBAGAME-26JAN25SACDET-DET,Sacramento at Detroit Winner?,yes,1.0,2026-01,high,last_preclose,1769382031,1769382000.0,31.0,0.99,True,0.00010000000000000018,0.010000000000000009
KXNBASPREAD-26JAN01HOUBKN-HOU16,Houston wins by over 16.5 Points?,yes,1.0,2026-01,high,last_preclose,1767317447,1767315600.0,1847.0,0.84,True,0.02560000000000001,0.16000000000000003
KXNBASPREAD-26JAN07LALSAS-SAS13,San Antonio wins by over 13.5 Points?,yes,1.0,2026-01,high,last_preclose,1767849513,1767848400.0,1113.0,0.8,True,0.03999999999999998,0.19999999999999996
KXNBASPREAD-26JAN18ORLMEM-MEM4,Memphis wins by over 4.5 Points?,yes,1.0,2026-01,high,last_preclose,1768765048,1768762800.0,2248.0,0.95,True,0.0025000000000000044,0.050000000000000044
KXNBATOTAL-26JAN09NYKPHX-227,New York at Phoenix: Total Points,no,0.0,2026-01,high,last_preclose,1768020445,1768017600.0,2845.0,0.67,True,0.4489000000000001,0.67
KXNBATOTAL-26JAN10SASBOS-229,San Antonio at Boston: Total Points,no,0.0,2026-01,high,last_preclose,1768103132,1768100400.0,2732.0,0.02,True,0.0004,0.02
KXNBATOTAL-26JAN11SASMIN-232,San Antonio at Minnesota: Total Points,no,0.0,2026-01,high,last_preclose,1768185592,1768183200.0,2392.0,0.05,True,0.0025000000000000005,0.05
KXNBATOTAL-26JAN14DENDAL-226,Denver at Dallas: Total Points,yes,1.0,2026-01,high,last_preclose,1768454007,1768453200.0,807.0,0.7,True,0.09000000000000002,0.30000000000000004
KXNBATOTAL-26JAN24LALDAL-242,Los Angeles L at Dallas: Total Points,no,0.0,2026-01,high,last_preclose,1769314884,1769313600.0,1284.0,0.1,True,0.010000000000000002,0.1
KXNCAAMBGAME-26JAN03UVMUNH-UNH,Vermont at New Hampshire Winner?,no,0.0,2026-01,high,last_preclose,1767470957,1767470400.0,557.0,0.01,True,0.0001,0.01
KXNCAAMBGAME-26JAN07SLUVCU-SLU,Saint Louis at VCU Winner?,yes,1.0,2026-01,high,last_preclose,1767842464,1767841200.0,1264.0,0.99,True,0.00010000000000000018,0.010000000000000009
KXNCAAMBGAME-26JAN17LMCCHS-LMC,Le Moyne at Chicago St. Winner?,yes,1.0,2026-01,high,last_preclose,1768685217,1768683600.0,1617.0,0.99,True,0.00010000000000000018,0.010000000000000009
KXNCAAMBGAME-26JAN24YALEPENN-YALE,Yale at Penn Winner?,yes,1.0,2026-01,high,last_preclose,1769289834,1769288400.0,1434.0,0.99,True,0.00010000000000000018,0.010000000000000009
KXNCAAMBSPREAD-26JAN08SFLMU-SF1,San Francisco wins by over 1.5 Points?,no,0.0,2026-01,high,last_preclose,1767942010,1767942000.0,10.0,0.01,True,0.0001,0.01
KXNCAAMBSPREAD-26JAN14IONARID-IONA7,Iona wins by over 7.5 Points?,no,0.0,2026-01,high,last_preclose,1768444584,1768442400.0,2184.0,0.1,True,0.010000000000000002,0.1
KXNCAAMBSPREAD-26JAN17GTNCST-NCST6,North Carolina St. wins by over 6.5 Points?,no,0.0,2026-01,high,last_preclose,1768678246,1768676400.0,1846.0,0.02,True,0.0004,0.02
KXNCAAMBSPREAD-26JAN20SJSUNEV-NEV31,Nevada wins by over 31.5 Points?,yes,1.0,2026-01,high,last_preclose,1768972810,1768971600.0,1210.0,0.99,True,0.00010000000000000018,0.010000000000000009
KXNCAAMBTOTAL-26JAN08PEPPUSD-144,Pepperdine at San Diego: Total Points,yes,1.0,2026-01,high,last_preclose,1767934255,1767931200.0,3055.0,0.5,True,0.25,0.5
KXNCAAMBTOTAL-26JAN10USUBSU-147,Utah St. at Boise St.: Total Points,yes,1.0,2026-01,high,last_preclose,1768112473,1768104000.0,8473.0,0.99,True,0.00010000000000000018,0.010000000000000009
KXNCAAMBTOTAL-26JAN24AMCCIW-128,Texas A&M-Corpus Christi at Incarnate Word: Total Points,yes,1.0,2026-01,high,last_preclose,1769297531,1769295600.0,1931.0,0.62,True,0.1444,0.38
KXNCAAWBGAME-26JAN01FLATENN-FLA,Florida at Tennessee Winner?,no,0.0,2026-01,high,last_preclose,1767302765,1767301200.0,1565.0,0.01,True,0.0001,0.01
KXNCAAWBGAME-26JAN16CPHAW-CP,Cal Poly at Hawai'i Winner?,no,0.0,2026-01,high,last_preclose,1768546825,1768546800.0,25.0,0.01,True,0.0001,0.01
KXNCAAWBGAME-26JAN22CCSUFDU-CCSU,Central Connecticut St. at FDU Winner?,no,0.0,2026-01,high,last_preclose,1769136783,1769133600.0,3183.0,0.01,True,0.0001,0.01
KXNEXTNFLCOACH-MIA26-KKIN,Who will be the next Head Coach of the Miami Pro Football Team?,no,0.0,2026-01,high,last_preclose,1768922018,1768838400.0,83618.0,0.01,True,0.0001,0.01
KXNFLANYTD-26JAN04INDHOU-HOUJHIGGINS81,Indianapolis at Houston: Anytime Touchdown Scorer: Jayden Higgins,yes,1.0,2026-01,high,last_preclose,1767552908,1767549600.0,3308.0,0.33,True,0.4488999999999999,0.6699999999999999
KXNFLANYTD-26JAN10GBCHI-CHIKMONANGAI25,Green Bay at Chicago: Anytime Touchdown Scorer: Kyle Monangai,no,0.0,2026-01,high,last_preclose,1768108476,1768107600.0,876.0,0.01,True,0.0001,0.01
KXNFLPASSYDS-26JAN18HOUNE-HOUCSTROUD7-275,C.J. Stroud: 275+ passing yards,no,0.0,2026-01,high,last_preclose,1768779273,1768777200.0,2073.0,0.14,True,0.019600000000000003,0.14
KXNFLRECYDS-26JAN12HOUPIT-HOUWMARKS27-20,Woody Marks records 20+ receiving yards,no,0.0,2026-01,high,last_preclose,1768278872,1768276800.0,2072.0,0.02,True,0.0004,0.02
KXNFLRSHYDS-26JAN11LACNE-NETHENDERSON32-60,TreVeyon Henderson records 60+ rushing yards,no,0.0,2026-01,high,last_preclose,1768191874,1768190400.0,1474.0,0.04,True,0.0016,0.04
KXNFLTEAMTOTAL-26JAN25NEDEN-NE26,New England at Denver: Team Totals: New England,no,0.0,2026-01,high,last_preclose,1769382672,1769382000.0,672.0,0.01,True,0.0001,0.01
KXNFLTOTAL-26JAN04NOATL-40,New Orleans at Atlanta: Total Points,no,0.0,2026-01,high,last_preclose,1767562262,1767560400.0,1862.0,0.1,True,0.010000000000000002,0.1
KXNHLGAME-26JAN24FLAMIN-FLA,Florida at Minnesota Winner?,yes,1.0,2026-01,high,last_preclose,1769318080,1769317200.0,880.0,0.99,True,0.00010000000000000018,0.010000000000000009
KXPGATOUR-SOOIH26-JSPA,Will J.J. Spaun win the Sony Open in Hawaii?,no,0.0,2026-01,high,last_preclose,1768794453,1768791600.0,2853.0,0.01,True,0.0001,0.01
KXPGATOUR-THAE26-ZDOU,Will Zecheng Dou win the The American Express?,no,0.0,2026-01,high,last_preclose,1769385727,1769184000.0,201727.0,0.01,True,0.0001,0.01
KXSAUDIPLGAME-26JAN09KHADAM-DAM,Al-Khaleej vs Damac Winner?,no,0.0,2026-01,high,last_preclose,1767971434,1767970800.0,634.0,0.01,True,0.0001,0.01
KXSCOTTISHPREMGAME-26JAN24FALHIB-FAL,Falkirk vs Hibernian Winner?,yes,1.0,2026-01,high,last_preclose,1769274673,1769274000.0,673.0,0.99,True,0.00010000000000000018,0.010000000000000009
KXUCLGAME-26JAN28NAPCFC-TIE,Napoli vs Chelsea Winner?,no,0.0,2026-01,high,last_preclose,1769637637,1769637600.0,37.0,0.01,True,0.0001,0.01
KXUFCFIGHT-26JAN24GAUPUL-PUL,"Will Andrey Pulyaev win the Gautier vs Pulyaev professional MMA fight scheduled for Jan 24, 2026?",no,0.0,2026-01,high,last_preclose,1769304971,1769302800.0,2171.0,0.12,True,0.0144,0.12
KXUFCFIGHT-26JAN24HOKFRE-HOK,"Will Josh Hokit win the Hokit vs Freeman professional MMA fight scheduled for Jan 24, 2026?",yes,1.0,2026-01,high,last_preclose,1769298732,1769295600.0,3132.0,0.72,True,0.07840000000000001,0.28
KXWTAMATCH-26JAN09MCCJUV-JUV,Will Kaja Juvan win the McNally vs Juvan : Qualification match?,no,0.0,2026-01,high,last_preclose,1768034792,1768032000.0,2792.0,0.08,True,0.0064,0.08
KXWTAMATCH-26JAN22SONPUT-SON,Will Zeynep Sonmez win the Sonmez vs Putintseva : Round Of 32 match?,no,0.0,2026-01,high,last_preclose,1769145365,1769144400.0,965.0,0.27,True,0.0729,0.27
KXATPEXACTMATCH-26JAN20OPEDAV-DAV31,Will Alejandro Davidovich Fokina win the Reilly Opelka vs Alejandro Davidovich Fokina match by a set score of 3-1,no,0.0,2026-01,low,last_preclose,1768977944,1768953600.0,24344.0,0.3,True,0.09,0.3
KXATPSETWINNER-26JAN19KHAMIC-1-KHA,Will Karen Khachanov win set 1 in the Karen Khachanov vs Alex Michelsen match,no,0.0,2026-01,low,last_preclose,1768879696,1768878000.0,1696.0,0.01,True,0.0001,0.01
KXCS2MAP-26JAN22IMPODK-1-IMP,Will Imperial win map 1 in the Imperial vs. ODDIK match?,yes,1.0,2026-01,low,last_preclose,1769105084,1769104800.0,284.0,0.99,True,0.00010000000000000018,0.010000000000000009
KXFACUPADVANCE-26JAN09PVAFLE-FLE,Port Vale vs Fleetwood,no,0.0,2026-01,low,last_preclose,1767994811,1767992400.0,2411.0,0.16,True,0.0256,0.16
KXLOLTOTALMAPS-26JAN22GENFOX-3,Will over 2.5 maps be played in the Gen.G vs. BNK FEARX League of Legends match?,no,0.0,2026-01,low,last_preclose,1769087998,1769086800.0,1198.0,0.38,True,0.1444,0.38
KXNBA3PT-26JAN03PORSAS-SASDFOX4-1,De'Aaron Fox records 1+ threes,yes,1.0,2026-01,low,last_preclose,1767498873,1767470400.0,28473.0,0.94,True,0.0036000000000000064,0.06000000000000005
KXNBA3PT-26JAN08INDCHA-CHAKKNUEPPEL7-2,Kon Knueppel records 2+ threes,yes,1.0,2026-01,low,last_preclose,1767942276,1767927600.0,14676.0,0.99,True,0.00010000000000000018,0.010000000000000009
KXNBA3PT-26JAN19UTASAS-SASSCASTLE5-1,Stephon Castle: 1+ threes,yes,1.0,2026-01,low,last_preclose,1768870820,1768867200.0,3620.0,0.99,True,0.00010000000000000018,0.010000000000000009
KXNBAAST-26JAN04MEMLAL-LALLDONCIC77-9,Luka Dončić records 9+ assists,no,0.0,2026-01,low,last_preclose,1767590670,1767578400.0,12270.0,0.45,True,0.2025,0.45
KXNBAAST-26JAN06ORLWAS-WASCMCCOLLUM3-4,CJ McCollum records 4+ assists,yes,1.0,2026-01,low,last_preclose,1767754878,1767751200.0,3678.0,0.97,True,0.0009000000000000016,0.030000000000000027
KXNBAAST-26JAN07MILGSW-GSWSCURRY30-8,Stephen Curry records 8+ assists,no,0.0,2026-01,low,last_preclose,1767850828,1767772800.0,78028.0,0.12,True,0.0144,0.12
KXNBAAST-26JAN15ATLPOR-ATLNALEXANDERWALKER7-2,Nickeil Alexander-Walker records 2+ assists,yes,1.0,2026-01,low,last_preclose,1768541988,1768536000.0,5988.0,0.99,True,0.00010000000000000018,0.010000000000000009
KXNBAAST-26JAN27DETDEN-DETCCUNNINGHAM2-14,Cade Cunningham: 14+ assists,no,0.0,2026-01,low,last_preclose,1769574871,1769572800.0,2071.0,0.34,True,0.11560000000000002,0.34
KXNBABLK-26JAN25TOROKC-OKCSGILGEOUSALEXANDER2-2,Shai Gilgeous-Alexander: 2+ blocks,yes,1.0,2026-01,low,last_preclose,1769396673,1769396400.0,273.0,0.99,True,0.00010000000000000018,0.010000000000000009
KXNBAPTS-26JAN03ATLTOR-ATLDDANIELS5-11,Dyson Daniels records 11+ points,yes,1.0,2026-01,low,last_preclose,1767499835,1767492000.0,7835.0,0.92,True,0.006399999999999993,0.07999999999999996
KXNBAPTS-26JAN11NYKPOR-NYKOANUNOBY8-20,OG Anunoby records 20+ points,yes,1.0,2026-01,low,last_preclose,1768182010,1768176000.0,6010.0,0.25,True,0.5625,0.75
KXNBAPTS-26JAN13ATLLAL-LALLDONCIC77-25,Luka Dončić records 25+ points,yes,1.0,2026-01,low,last_preclose,1768370388,1768366800.0,3588.0,0.99,True,0.00010000000000000018,0.010000000000000009
KXNBAPTS-26JAN19INDPHI-PHIVEDGECOMBE77-10,VJ Edgecombe: 10+ points,yes,1.0,2026-01,low,last_preclose,1768876784,1768874400.0,2384.0,0.99,True,0.00010000000000000018,0.010000000000000009
KXNBAPTS-26JAN21DETNOP-NOPTMURPHY25-30,Trey Murphy III: 30+ points,no,0.0,2026-01,low,last_preclose,1769052873,1769047200.0,5673.0,0.3,True,0.09,0.3
KXNBAREB-26JAN02SASIND-INDPSIAKAM43-10,Pascal Siakam records 10+ rebounds,no,0.0,2026-01,low,last_preclose,1767409483,1767409200.0,283.0,0.99,True,0.9801,0.99
KXNBAREB-26JAN10LACDET-LACIZUBAC40-12,Ivica Zubac records 12+ rebounds,no,0.0,2026-01,low,last_preclose,1768102792,1768093200.0,9592.0,0.35,True,0.12249999999999998,0.35
KXNBAREB-26JAN28ORLMIA-ORLPBANCHERO5-8,Paolo Banchero: 8+ rebounds,yes,1.0,2026-01,low,last_preclose,1769653491,1769648400.0,5091.0,0.72,True,0.07840000000000001,0.28
KXNBASTL-26JAN27SACNYK-SACDDEROZAN10-1,DeMar DeRozan: 1+ steals,no,0.0,2026-01,low,last_preclose,1769569248,1769522400.0,46848.0,0.67,True,0.4489000000000001,0.67
KXNCAAMBSPREAD-26JAN21UNCASCUS-SCUS18,USC Upstate wins by over 18.5 Points?,no,0.0,2026-01,low,last_preclose,1769044946,1769043600.0,1346.0,0.01,True,0.0001,0.01
KXNCAAMBSPREAD-26JAN22USFUAB-UAB13,UAB wins by over 13.5 Points?,no,0.0,2026-01,low,last_preclose,1769135482,1769133600.0,1882.0,0.01,True,0.0001,0.01
KXNCAAMBSPREAD-26JAN24MDMSU-MSU9,Michigan St. wins by over 9.5 Points?,yes,1.0,2026-01,low,last_preclose,1769282409,1769281200.0,1209.0,0.99,True,0.00010000000000000018,0.010000000000000009
KXNCAAMBTOTAL-26JAN03CBUTARL-141,California Baptist at Tarleton St.: Total Points,yes,1.0,2026-01,low,last_preclose,1767487292,1767484800.0,2492.0,0.2,True,0.6400000000000001,0.8
KXNCAAMBTOTAL-26JAN10NCCUCOPP-145,North Carolina Central at Coppin St.: Total Points,yes,1.0,2026-01,low,last_preclose,1768112534,1768093200.0,19334.0,0.99,True,0.00010000000000000018,0.010000000000000009
KXNCAAMBTOTAL-26JAN17MOSUMTU-134,Missouri St. at Middle Tennessee: Total Points,yes,1.0,2026-01,low,last_preclose,1768698707,1768698000.0,707.0,0.99,True,0.00010000000000000018,0.010000000000000009
KXNCAAMBTOTAL-26JAN21GTWNVILL-137,Georgetown at Villanova: Total Points,no,0.0,2026-01,low,last_preclose,1769049817,1769047200.0,2617.0,0.01,True,0.0001,0.01
KXNHLAST-26JAN01WSHOTT-OTTTSTUTZLE18-1,Tim Stutzle records 1+ assists,yes,1.0,2026-01,low,last_preclose,1767301412,1767301200.0,212.0,0.98,True,0.0004000000000000007,0.020000000000000018
KXNHLFIRSTGOAL-26JAN15MTLBUF-BUFJZUCKER17,MTL Canadiens at BUF Sabres: First Goal: Jason Zucker,no,0.0,2026-01,low,last_preclose,1768532566,1768518000.0,14566.0,0.06,True,0.0036,0.06
KXNHLGOAL-25DEC31NJCBJ-CBJDSEVERSON78,NJ Devils at CBJ Blue Jackets: Anytime Goal: Damon Severson,no,0.0,2026-01,low,last_preclose,1767236609,1767229200.0,7409.0,0.14,True,0.019600000000000003,0.14
KXNHLGOAL-26JAN02MINANA-MINMZUCCARELLO36,MIN Wild at ANA Ducks: Anytime Goal: Mats Zuccarello,no,0.0,2026-01,low,last_preclose,1767421945,1767412800.0,9145.0,0.28,True,0.07840000000000001,0.28
KXNHLGOAL-26JAN07STLCHI-CHIRGREENE20,STL Blues at CHI Blackhawks: Anytime Goal: Ryan Greene,no,0.0,2026-01,low,last_preclose,1767850347,1767837600.0,12747.0,0.18,True,0.0324,0.18
KXNHLGOAL-26JAN15MTLBUF-BUFJDOAN91,MTL Canadiens at BUF Sabres: Anytime Goal: Josh Doan,yes,1.0,2026-01,low,last_preclose,1768539861,1768525200.0,14661.0,0.99,True,0.00010000000000000018,0.010000000000000009
KXNHLGOAL-26JAN19SJFLA-SJAWENNBERG21,Alexander Wennberg: Anytime Goalscorer,no,0.0,2026-01,low,last_preclose,1768878192,1768860000.0,18192.0,0.2,True,0.04000000000000001,0.2
KXNHLGOAL-26JAN20NYRLA-NYRALAFRENIERE13,Alexis Lafreniere: Anytime Goalscorer,no,0.0,2026-01,low,last_preclose,1768977108,1768968000.0,9108.0,0.18,True,0.0324,0.18
KXNHLGOAL-26JAN23NJVAN-VANLKARLSSON94,Linus Karlsson: Anytime Goalscorer,yes,1.0,2026-01,low,last_preclose,1769236239,1769230800.0,5439.0,0.99,True,0.00010000000000000018,0.010000000000000009
KXNHLGOAL-26JAN27NSHBOS-NSHROREILLY90,Ryan O'Reilly: Anytime Goalscorer,no,0.0,2026-01,low,last_preclose,1769569369,1769562000.0,7369.0,0.3,True,0.09,0.3
KXNHLPTS-25DEC31STLCOL-COLCMAKAR8-1,Cale Makar records 1+ points,yes,1.0,2026-01,low,last_preclose,1767243860,1767243600.0,260.0,0.99,True,0.00010000000000000018,0.010000000000000009
KXNHLPTS-26JAN04MTLDAL-MTLNSUZUKI14-1,Nick Suzuki records 1+ points,yes,1.0,2026-01,low,last_preclose,1767566013,1767549600.0,16413.0,0.68,True,0.10239999999999996,0.31999999999999995
KXNHLPTS-26JAN20BUFNSH-NSHRJOSI59-2,Roman Josi: 2+ points,no,0.0,2026-01,low,last_preclose,1768968191,1768957200.0,10991.0,0.19,True,0.0361,0.19
KXNHLPTS-26JAN23VGKTOR-VGKPDOROFEYEV16-1,Pavel Dorofeyev: 1+ points,yes,1.0,2026-01,low,last_preclose,1769223720,1769220000.0,3720.0,0.99,True,0.00010000000000000018,0.010000000000000009
KXNHLPTS-26JAN24DETWPG-WPGJMORRISSEY44-2,Josh Morrissey: 2+ points,no,0.0,2026-01,low,last_preclose,1769315466,1769295600.0,19866.0,0.17,True,0.028900000000000006,0.17
KXCRITICSCOST-26-RUT,Will Ruth E. Carter win Best Costume Design at the Critics Choice Awards?,no,0.0,2026-01,mid,last_preclose,1767582934,1767582000.0,934.0,0.1,True,0.010000000000000002,0.1
KXEPLSPREAD-26JAN04FULLFC-FUL2,Fulham wins by over 2.5 goals?,no,0.0,2026-01,mid,last_preclose,1767546932,1767546000.0,932.0,0.02,True,0.0004,0.02
KXLEADERNFLRYDS-26JAN05-JJEF,Will Justin Jefferson lead American Pro Football League in Most Receiving Yards for the 2025-2026 Regular Season?,no,0.0,2026-01,mid,last_preclose,1767636187,1767589200.0,46987.0,0.01,True,0.0001,0.01
KXLIGUE1SPREAD-26JAN17RCLAUX-AUX1,Auxerre wins by over 1.5 goals?,no,0.0,2026-01,mid,last_preclose,1768672512,1768669200.0,3312.0,0.03,True,0.0009,0.03
KXLOLMAP-26JAN15NSFOX-1-FOX,Will BNK FEARX win map 1 in the Nongshim Red Force vs. BNK FEARX match?,yes,1.0,2026-01,mid,last_preclose,1768494045,1768478400.0,15645.0,0.99,True,0.00010000000000000018,0.010000000000000009
KXNBA2D-26JAN02DENCLE-CLEDMITCHELL45,Denver at Cleveland: Double Doubles: Donovan Mitchell,no,0.0,2026-01,mid,last_preclose,1767410421,1767402000.0,8421.0,0.1,True,0.010000000000000002,0.1
KXNBA2D-26JAN25SACDET-SACDDEROZAN10,DeMar DeRozan: Double Double,no,0.0,2026-01,mid,last_preclose,1769382057,1769382000.0,57.0,0.01,True,0.0001,0.01
KXNBA3PT-26JAN19UTASAS-SASDFOX4-1,De'Aaron Fox: 1+ threes,yes,1.0,2026-01,mid,last_preclose,1768866889,1768863600.0,3289.0,0.99,True,0.00010000000000000018,0.010000000000000009
KXNBAPTS-26JAN14NYKSAC-SACDDEROZAN10-20,DeMar DeRozan records 20+ points,yes,1.0,2026-01,mid,last_preclose,1768456792,1768453200.0,3592.0,0.86,True,0.019600000000000003,0.14
KXNBAPTS-26JAN15PHXDET-DETCCUNNINGHAM2-25,Cade Cunningham records 25+ points,no,0.0,2026-01,mid,last_preclose,1768532685,1768528800.0,3885.0,0.85,True,0.7224999999999999,0.85
KXNBAPTS-26JAN20LALDEN-LALLJAMES23-20,LeBron James: 20+ points,no,0.0,2026-01,mid,last_preclose,1768974272,1768971600.0,2672.0,0.84,True,0.7055999999999999,0.84
KXNBAPTS-26JAN28ATLBOS-BOSJBROWN7-25,Jaylen Brown: 25+ points,no,0.0,2026-01,mid,last_preclose,1769655634,1769655600.0,34.0,0.05,True,0.0025000000000000005,0.05
KXNBAREB-26JAN07TORCHA-CHAKKNUEPPEL7-6,Kon Knueppel records 6+ rebounds,yes,1.0,2026-01,mid,last_preclose,1767840301,1767834000.0,6301.0,0.37,True,0.39690000000000003,0.63
KXNBAREB-26JAN22LALLAC-LACIZUBAC40-11,Ivica Zubac: 11+ rebounds,yes,1.0,2026-01,mid,last_preclose,1769142593,1769140800.0,1793.0,0.45,True,0.30250000000000005,0.55
KXNBAREB-26JAN27NOPOKC-NOPZWILLIAMSON1-6,Zion Williamson: 6+ rebounds,yes,1.0,2026-01,mid,last_preclose,1769567101,1769565600.0,1501.0,0.99,True,0.00010000000000000018,0.010000000000000009
KXNBASPREAD-26JAN20PHXPHI-PHI7,Philadelphia wins by over 7.5 Points?,no,0.0,2026-01,mid,last_preclose,1768963895,1768960800.0,3095.0,0.01,True,0.0001,0.01
KXNBATOTAL-26JAN25TOROKC-237,Toronto at Oklahoma City: Total Points,no,0.0,2026-01,mid,last_preclose,1769396490,1769396400.0,90.0,0.01,True,0.0001,0.01
KXNCAAMBSPREAD-26JAN03HOUCIN-HOU11,Houston wins by over 11.5 Points?,no,0.0,2026-01,mid,last_preclose,1767476998,1767474000.0,2998.0,0.05,True,0.0025000000000000005,0.05
KXNCAAMBSPREAD-26JAN06SCARLSU-LSU3,LSU wins by over 3.5 Points?,no,0.0,2026-01,mid,last_preclose,1767753398,1767751200.0,2198.0,0.01,True,0.0001,0.01
KXNCAAMBSPREAD-26JAN10GTMIA-MIA26,Miami (FL) wins by over 26.5 Points?,no,0.0,2026-01,mid,last_preclose,1768077963,1768075200.0,2763.0,0.01,True,0.0001,0.01
KXNCAAMBSPREAD-26JAN10MSSTUK-UK13,Kentucky wins by over 13.5 Points?,yes,1.0,2026-01,mid,last_preclose,1768104599,1768104000.0,599.0,0.99,True,0.00010000000000000018,0.010000000000000009
KXNCAAMBSPREAD-26JAN14PITTGT-PITT13,Pittsburgh wins by over 13.5 Points?,yes,1.0,2026-01,mid,last_preclose,1768444583,1768442400.0,2183.0,0.99,True,0.00010000000000000018,0.010000000000000009
KXNCAAMBSPREAD-26JAN19MRMKMRST-MRMK8,Merrimack wins by over 8.5 Points?,yes,1.0,2026-01,mid,last_preclose,1768858285,1768856400.0,1885.0,0.98,True,0.0004000000000000007,0.020000000000000018
KXNCAAMBSPREAD-26JAN21PFWDET-PFW14,Purdue Fort Wayne wins by over 14.5 Points?,no,0.0,2026-01,mid,last_preclose,1769050907,1769050800.0,107.0,0.01,True,0.0001,0.01
KXNCAAMBSPREAD-26JAN24UTAHBYU-BYU30,BYU wins by over 30.5 Points?,no,0.0,2026-01,mid,last_preclose,1769301961,1769299200.0,2761.0,0.01,True,0.0001,0.01
KXNCAAMBTOTAL-26JAN07FIUJVST-145,Florida International at Jacksonville St.: Total Points,no,0.0,2026-01,mid,last_preclose,1767839554,1767837600.0,1954.0,0.01,True,0.0001,0.01
KXNCAAMBTOTAL-26JAN14FIUKENN-171,Florida International at Kennesaw St.: Total Points,yes,1.0,2026-01,mid,last_preclose,1768444887,1768442400.0,2487.0,0.99,True,0.00010000000000000018,0.010000000000000009
KXNCAAMBTOTAL-26JAN14ULLTXST-135,Louisiana at Texas St.: Total Points,no,0.0,2026-01,mid,last_preclose,1768447247,1768446000.0,1247.0,0.01,True,0.0001,0.01
KXNCAAMBTOTAL-26JAN17SHSUFIU-168,Sam Houston at Florida International: Total Points,no,0.0,2026-01,mid,last_preclose,1768688063,1768687200.0,863.0,0.01,True,0.0001,0.01
KXNCAAMBTOTAL-26JAN19LAMUNO-161,Lamar at New Orleans: Total Points,yes,1.0,2026-01,mid,last_preclose,1768879830,1768878000.0,1830.0,0.09,True,0.8281000000000001,0.91
KXNCAAMBTOTAL-26JAN21KENNSHSU-166,Kennesaw St. at Sam Houston: Total Points,yes,1.0,2026-01,mid,last_preclose,1769049802,1769047200.0,2602.0,0.29,True,0.5041,0.71
KXNCAAMBTOTAL-26JAN21UNAQUC-162,North Alabama at Queens University: Total Points,no,0.0,2026-01,mid,last_preclose,1769050314,1769047200.0,3114.0,0.02,True,0.0004,0.02
KXNCAAMBTOTAL-26JAN23LIUSTNH-124,LIU at Stonehill: Total Points,yes,1.0,2026-01,mid,last_preclose,1769220668,1769220000.0,668.0,0.99,True,0.00010000000000000018,0.010000000000000009
KXNCAAMBTOTAL-26JAN24MURRUNI-153,Murray St. at Northern Iowa: Total Points,yes,1.0,2026-01,mid,last_preclose,1769297540,1769295600.0,1940.0,0.87,True,0.016900000000000002,0.13
KXNCAAMBTOTAL-26JAN24UVMBRY-134,Vermont at Bryant: Total Points,no,0.0,2026-01,mid,last_preclose,1769286886,1769284800.0,2086.0,0.09,True,0.0081,0.09
KXNCAAMBTOTAL-26JAN28BELVALP-144,Belmont at Valparaiso: Total Points,yes,1.0,2026-01,mid,last_preclose,1769656294,1769655600.0,694.0,0.94,True,0.0036000000000000064,0.06000000000000005
KXNCAAMBTOTAL-26JAN28BUCKLAF-150,Bucknell at Lafayette: Total Points,yes,1.0,2026-01,mid,last_preclose,1769652763,1769652000.0,763.0,0.89,True,0.012099999999999998,0.10999999999999999
KXNCAAWBGAME-26JAN14DETCLEV-DET,Detroit Mercy at Cleveland St. Winner?,no,0.0,2026-01,mid,last_preclose,1768445505,1768442400.0,3105.0,0.01,True,0.0001,0.01
KXNCAAWBGAME-26JAN17USACCAR-CCAR,South Alabama at Coastal Carolina Winner?,yes,1.0,2026-01,mid,last_preclose,1768682736,1768680000.0,2736.0,0.7,True,0.09000000000000002,0.30000000000000004
KXNCAAWBGAME-26JAN17WIUUALR-UALR,Western Illinois at Little Rock Winner?,no,0.0,2026-01,mid,last_preclose,1768686183,1768683600.0,2583.0,0.01,True,0.0001,0.01
KXNCAAWBGAME-26JAN28LONGWEBB-LONG,Longwood at Gardner-Webb Winner?,yes,1.0,2026-01,mid,last_preclose,1769655087,1769652000.0,3087.0,0.93,True,0.004899999999999993,0.06999999999999995
KXNHLTOTAL-26JAN15VANCBJ-3,Vancouver at Columbus: Total Points,yes,1.0,2026-01,mid,last_preclose,1768530019,1768528800.0,1219.0,0.99,True,0.00010000000000000018,0.010000000000000009
KXNYCRENTSY-25-T1,Will New York City rent grow above 1% in December 2025?,yes,1.0,2026-01,mid,last_preclose,1768336071,1768154400.0,181671.0,0.99,True,0.00010000000000000018,0.010000000000000009
KXSAGAWARDACTR-26-AMA,2026 Actor Award for Outstanding Performance by a Female Actor in a Leading Role?,no,0.0,2026-01,mid,last_preclose,1767885821,1767852000.0,33821.0,0.05,True,0.0025000000000000005,0.05
